Algorithm,Width,Height,Threads,Seed,FillPercent,Run,TimeMs
OMP_Rows,100,100,2,42,0.40,0,14.997000
OMP_Rows,100,100,2,42,0.40,1,14.374000
OMP_Rows,100,100,2,42,0.40,2,13.704000
OMP_Rows,100,100,2,42,0.40,3,13.991000
OMP_Rows,100,100,2,42,0.40,4,14.164000
OMP_Rows,100,100,2,42,0.40,5,14.190000
OMP_Rows,100,100,2,42,0.40,6,14.333000
OMP_Rows,100,100,2,42,0.40,7,14.455000
OMP_Rows,100,100,2,42,0.40,8,14.459000
OMP_Rows,100,100,2,42,0.40,9,13.757000
OMP_Rows,100,100,2,42,0.40,10,14.091000
OMP_Rows,100,100,2,42,0.40,11,13.599000
OMP_Rows,100,100,2,42,0.40,12,13.541000
OMP_Rows,100,100,2,42,0.40,13,13.737000
OMP_Rows,100,100,2,42,0.40,14,14.108000
OMP_Rows,100,100,2,42,0.40,15,13.308000
OMP_Rows,100,100,2,42,0.40,16,13.091000
OMP_Rows,100,100,2,42,0.40,17,14.556000
OMP_Rows,100,100,2,42,0.40,18,13.856000
OMP_Rows,100,100,2,42,0.40,19,13.752000
OMP_Rows,100,100,2,42,0.40,20,13.696000
OMP_Rows,100,100,2,42,0.40,21,14.079000
OMP_Rows,100,100,2,42,0.40,22,13.504000
OMP_Rows,100,100,2,42,0.40,23,13.424000
OMP_Rows,100,100,2,42,0.40,24,13.023000
OMP_Rows,100,100,2,42,0.40,AVG,13.939909
OMP_Rows,100,100,3,42,0.40,0,19.392000
OMP_Rows,100,100,3,42,0.40,1,19.015000
OMP_Rows,100,100,3,42,0.40,2,19.060000
OMP_Rows,100,100,3,42,0.40,3,19.144000
OMP_Rows,100,100,3,42,0.40,4,19.025000
OMP_Rows,100,100,3,42,0.40,5,19.409000
OMP_Rows,100,100,3,42,0.40,6,19.762000
OMP_Rows,100,100,3,42,0.40,7,19.316000
OMP_Rows,100,100,3,42,0.40,8,19.603000
OMP_Rows,100,100,3,42,0.40,9,19.428000
OMP_Rows,100,100,3,42,0.40,10,19.134000
OMP_Rows,100,100,3,42,0.40,11,19.336000
OMP_Rows,100,100,3,42,0.40,12,19.174000
OMP_Rows,100,100,3,42,0.40,13,19.387000
OMP_Rows,100,100,3,42,0.40,14,19.469000
OMP_Rows,100,100,3,42,0.40,15,19.330000
OMP_Rows,100,100,3,42,0.40,16,18.988000
OMP_Rows,100,100,3,42,0.40,17,19.248000
OMP_Rows,100,100,3,42,0.40,18,19.280000
OMP_Rows,100,100,3,42,0.40,19,19.285000
OMP_Rows,100,100,3,42,0.40,20,19.314000
OMP_Rows,100,100,3,42,0.40,21,19.742000
OMP_Rows,100,100,3,42,0.40,22,19.174000
OMP_Rows,100,100,3,42,0.40,23,19.236000
OMP_Rows,100,100,3,42,0.40,24,19.003000
OMP_Rows,100,100,3,42,0.40,AVG,19.233955
OMP_Rows,100,100,4,42,0.40,0,29.663000
OMP_Rows,100,100,4,42,0.40,1,30.746000
OMP_Rows,100,100,4,42,0.40,2,27.972000
OMP_Rows,100,100,4,42,0.40,3,28.450000
OMP_Rows,100,100,4,42,0.40,4,28.339000
OMP_Rows,100,100,4,42,0.40,5,29.060000
OMP_Rows,100,100,4,42,0.40,6,29.314000
OMP_Rows,100,100,4,42,0.40,7,29.727000
OMP_Rows,100,100,4,42,0.40,8,29.159000
OMP_Rows,100,100,4,42,0.40,9,28.515000
OMP_Rows,100,100,4,42,0.40,10,29.606000
OMP_Rows,100,100,4,42,0.40,11,29.464000
OMP_Rows,100,100,4,42,0.40,12,29.414000
OMP_Rows,100,100,4,42,0.40,13,28.124000
OMP_Rows,100,100,4,42,0.40,14,28.180000
OMP_Rows,100,100,4,42,0.40,15,28.268000
OMP_Rows,100,100,4,42,0.40,16,28.461000
OMP_Rows,100,100,4,42,0.40,17,28.502000
OMP_Rows,100,100,4,42,0.40,18,28.855000
OMP_Rows,100,100,4,42,0.40,19,29.142000
OMP_Rows,100,100,4,42,0.40,20,29.859000
OMP_Rows,100,100,4,42,0.40,21,29.328000
OMP_Rows,100,100,4,42,0.40,22,28.993000
OMP_Rows,100,100,4,42,0.40,23,29.582000
OMP_Rows,100,100,4,42,0.40,24,29.502000
OMP_Rows,100,100,4,42,0.40,AVG,28.978292
OMP_Rows,100,100,5,42,0.40,0,36.109000
OMP_Rows,100,100,5,42,0.40,1,36.258000
OMP_Rows,100,100,5,42,0.40,2,36.840000
OMP_Rows,100,100,5,42,0.40,3,36.221000
OMP_Rows,100,100,5,42,0.40,4,36.348000
OMP_Rows,100,100,5,42,0.40,5,36.716000
OMP_Rows,100,100,5,42,0.40,6,36.403000
OMP_Rows,100,100,5,42,0.40,7,37.002000
OMP_Rows,100,100,5,42,0.40,8,36.699000
OMP_Rows,100,100,5,42,0.40,9,37.530000
OMP_Rows,100,100,5,42,0.40,10,37.592000
OMP_Rows,100,100,5,42,0.40,11,36.571000
OMP_Rows,100,100,5,42,0.40,12,36.480000
OMP_Rows,100,100,5,42,0.40,13,38.032000
OMP_Rows,100,100,5,42,0.40,14,36.715000
OMP_Rows,100,100,5,42,0.40,15,36.451000
OMP_Rows,100,100,5,42,0.40,16,36.685000
OMP_Rows,100,100,5,42,0.40,17,36.808000
OMP_Rows,100,100,5,42,0.40,18,36.772000
OMP_Rows,100,100,5,42,0.40,19,36.562000
OMP_Rows,100,100,5,42,0.40,20,37.691000
OMP_Rows,100,100,5,42,0.40,21,36.548000
OMP_Rows,100,100,5,42,0.40,22,36.448000
OMP_Rows,100,100,5,42,0.40,23,36.403000
OMP_Rows,100,100,5,42,0.40,24,36.369000
OMP_Rows,100,100,5,42,0.40,AVG,36.541947
OMP_Rows,100,100,6,42,0.40,0,45.462000
OMP_Rows,100,100,6,42,0.40,1,44.211000
OMP_Rows,100,100,6,42,0.40,2,44.391000
OMP_Rows,100,100,6,42,0.40,3,43.968000
OMP_Rows,100,100,6,42,0.40,4,44.372000
OMP_Rows,100,100,6,42,0.40,5,43.995000
OMP_Rows,100,100,6,42,0.40,6,44.000000
OMP_Rows,100,100,6,42,0.40,7,43.855000
OMP_Rows,100,100,6,42,0.40,8,44.083000
OMP_Rows,100,100,6,42,0.40,9,43.950000
OMP_Rows,100,100,6,42,0.40,10,44.384000
OMP_Rows,100,100,6,42,0.40,11,44.405000
OMP_Rows,100,100,6,42,0.40,12,44.342000
OMP_Rows,100,100,6,42,0.40,13,44.299000
OMP_Rows,100,100,6,42,0.40,14,45.461000
OMP_Rows,100,100,6,42,0.40,15,44.245000
OMP_Rows,100,100,6,42,0.40,16,45.677000
OMP_Rows,100,100,6,42,0.40,17,44.321000
OMP_Rows,100,100,6,42,0.40,18,44.206000
OMP_Rows,100,100,6,42,0.40,19,44.371000
OMP_Rows,100,100,6,42,0.40,20,44.424000
OMP_Rows,100,100,6,42,0.40,21,45.169000
OMP_Rows,100,100,6,42,0.40,22,44.783000
OMP_Rows,100,100,6,42,0.40,23,44.468000
OMP_Rows,100,100,6,42,0.40,24,44.526000
OMP_Rows,100,100,6,42,0.40,AVG,44.261105
OMP_Rows,100,100,7,42,0.40,0,53.536000
OMP_Rows,100,100,7,42,0.40,1,50.348000
OMP_Rows,100,100,7,42,0.40,2,51.005000
OMP_Rows,100,100,7,42,0.40,3,50.641000
OMP_Rows,100,100,7,42,0.40,4,50.871000
OMP_Rows,100,100,7,42,0.40,5,50.601000
OMP_Rows,100,100,7,42,0.40,6,50.694000
OMP_Rows,100,100,7,42,0.40,7,50.560000
OMP_Rows,100,100,7,42,0.40,8,50.577000
OMP_Rows,100,100,7,42,0.40,9,50.765000
OMP_Rows,100,100,7,42,0.40,10,50.558000
OMP_Rows,100,100,7,42,0.40,11,51.608000
OMP_Rows,100,100,7,42,0.40,12,51.149000
OMP_Rows,100,100,7,42,0.40,13,50.581000
OMP_Rows,100,100,7,42,0.40,14,52.322000
OMP_Rows,100,100,7,42,0.40,15,50.740000
OMP_Rows,100,100,7,42,0.40,16,51.249000
OMP_Rows,100,100,7,42,0.40,17,51.093000
OMP_Rows,100,100,7,42,0.40,18,51.424000
OMP_Rows,100,100,7,42,0.40,19,51.742000
OMP_Rows,100,100,7,42,0.40,20,52.497000
OMP_Rows,100,100,7,42,0.40,21,51.184000
OMP_Rows,100,100,7,42,0.40,22,50.787000
OMP_Rows,100,100,7,42,0.40,23,50.980000
OMP_Rows,100,100,7,42,0.40,24,51.119000
OMP_Rows,100,100,7,42,0.40,AVG,50.815895
OMP_Rows,100,100,8,42,0.40,0,57.250000
OMP_Rows,100,100,8,42,0.40,1,57.523000
OMP_Rows,100,100,8,42,0.40,2,57.791000
OMP_Rows,100,100,8,42,0.40,3,57.077000
OMP_Rows,100,100,8,42,0.40,4,57.541000
OMP_Rows,100,100,8,42,0.40,5,58.380000
OMP_Rows,100,100,8,42,0.40,6,58.809000
OMP_Rows,100,100,8,42,0.40,7,58.489000
OMP_Rows,100,100,8,42,0.40,8,58.719000
OMP_Rows,100,100,8,42,0.40,9,60.022000
OMP_Rows,100,100,8,42,0.40,10,58.412000
OMP_Rows,100,100,8,42,0.40,11,58.433000
OMP_Rows,100,100,8,42,0.40,12,58.559000
OMP_Rows,100,100,8,42,0.40,13,59.307000
OMP_Rows,100,100,8,42,0.40,14,59.358000
OMP_Rows,100,100,8,42,0.40,15,59.062000
OMP_Rows,100,100,8,42,0.40,16,57.412000
OMP_Rows,100,100,8,42,0.40,17,57.579000
OMP_Rows,100,100,8,42,0.40,18,58.811000
OMP_Rows,100,100,8,42,0.40,19,57.242000
OMP_Rows,100,100,8,42,0.40,20,58.474000
OMP_Rows,100,100,8,42,0.40,21,58.836000
OMP_Rows,100,100,8,42,0.40,22,58.031000
OMP_Rows,100,100,8,42,0.40,23,57.262000
OMP_Rows,100,100,8,42,0.40,24,57.819000
OMP_Rows,100,100,8,42,0.40,AVG,58.174000
OMP_Rows,100,100,12,42,0.40,0,90.863000
OMP_Rows,100,100,12,42,0.40,1,90.282000
OMP_Rows,100,100,12,42,0.40,2,91.959000
OMP_Rows,100,100,12,42,0.40,3,89.894000
OMP_Rows,100,100,12,42,0.40,4,87.701000
OMP_Rows,100,100,12,42,0.40,5,86.974000
OMP_Rows,100,100,12,42,0.40,6,88.111000
OMP_Rows,100,100,12,42,0.40,7,87.531000
OMP_Rows,100,100,12,42,0.40,8,91.294000
OMP_Rows,100,100,12,42,0.40,9,89.685000
OMP_Rows,100,100,12,42,0.40,10,87.396000
OMP_Rows,100,100,12,42,0.40,11,86.944000
OMP_Rows,100,100,12,42,0.40,12,86.981000
OMP_Rows,100,100,12,42,0.40,13,89.957000
OMP_Rows,100,100,12,42,0.40,14,89.597000
OMP_Rows,100,100,12,42,0.40,15,91.795000
OMP_Rows,100,100,12,42,0.40,16,90.788000
OMP_Rows,100,100,12,42,0.40,17,89.854000
OMP_Rows,100,100,12,42,0.40,18,90.468000
OMP_Rows,100,100,12,42,0.40,19,88.931000
OMP_Rows,100,100,12,42,0.40,20,87.224000
OMP_Rows,100,100,12,42,0.40,21,89.746000
OMP_Rows,100,100,12,42,0.40,22,88.151000
OMP_Rows,100,100,12,42,0.40,23,90.978000
OMP_Rows,100,100,12,42,0.40,24,87.681000
OMP_Rows,100,100,12,42,0.40,AVG,89.231400
OMP_Rows,100,100,16,42,0.40,0,117.784000
OMP_Rows,100,100,16,42,0.40,1,119.802000
OMP_Rows,100,100,16,42,0.40,2,119.616000
OMP_Rows,100,100,16,42,0.40,3,113.395000
OMP_Rows,100,100,16,42,0.40,4,115.614000
OMP_Rows,100,100,16,42,0.40,5,117.230000
OMP_Rows,100,100,16,42,0.40,6,116.589000
OMP_Rows,100,100,16,42,0.40,7,113.144000
OMP_Rows,100,100,16,42,0.40,8,113.524000
OMP_Rows,100,100,16,42,0.40,9,115.713000
OMP_Rows,100,100,16,42,0.40,10,118.372000
OMP_Rows,100,100,16,42,0.40,11,119.505000
OMP_Rows,100,100,16,42,0.40,12,118.416000
OMP_Rows,100,100,16,42,0.40,13,120.457000
OMP_Rows,100,100,16,42,0.40,14,116.932000
OMP_Rows,100,100,16,42,0.40,15,114.403000
OMP_Rows,100,100,16,42,0.40,16,115.735000
OMP_Rows,100,100,16,42,0.40,17,117.349000
OMP_Rows,100,100,16,42,0.40,18,115.909000
OMP_Rows,100,100,16,42,0.40,19,114.258000
OMP_Rows,100,100,16,42,0.40,20,113.213000
OMP_Rows,100,100,16,42,0.40,21,116.125000
OMP_Rows,100,100,16,42,0.40,22,117.640000
OMP_Rows,100,100,16,42,0.40,23,120.194000
OMP_Rows,100,100,16,42,0.40,24,118.556000
OMP_Rows,100,100,16,42,0.40,AVG,116.779000
OMP_Rows,100,100,20,42,0.40,0,142.339000
OMP_Rows,100,100,20,42,0.40,1,141.706000
OMP_Rows,100,100,20,42,0.40,2,145.152000
OMP_Rows,100,100,20,42,0.40,3,146.539000
OMP_Rows,100,100,20,42,0.40,4,145.475000
OMP_Rows,100,100,20,42,0.40,5,146.273000
OMP_Rows,100,100,20,42,0.40,6,143.838000
OMP_Rows,100,100,20,42,0.40,7,142.736000
OMP_Rows,100,100,20,42,0.40,8,147.646000
OMP_Rows,100,100,20,42,0.40,9,141.066000
OMP_Rows,100,100,20,42,0.40,10,141.449000
OMP_Rows,100,100,20,42,0.40,11,143.290000
OMP_Rows,100,100,20,42,0.40,12,145.532000
OMP_Rows,100,100,20,42,0.40,13,146.794000
OMP_Rows,100,100,20,42,0.40,14,146.592000
OMP_Rows,100,100,20,42,0.40,15,145.628000
OMP_Rows,100,100,20,42,0.40,16,142.785000
OMP_Rows,100,100,20,42,0.40,17,143.776000
OMP_Rows,100,100,20,42,0.40,18,144.367000
OMP_Rows,100,100,20,42,0.40,19,140.819000
OMP_Rows,100,100,20,42,0.40,20,142.049000
OMP_Rows,100,100,20,42,0.40,21,144.577000
OMP_Rows,100,100,20,42,0.40,22,146.488000
OMP_Rows,100,100,20,42,0.40,23,145.554000
OMP_Rows,100,100,20,42,0.40,24,145.674000
OMP_Rows,100,100,20,42,0.40,AVG,144.325760
OMP_Rows,500,500,2,42,0.40,0,59.682000
OMP_Rows,500,500,2,42,0.40,1,61.755000
OMP_Rows,500,500,2,42,0.40,2,59.281000
OMP_Rows,500,500,2,42,0.40,3,59.017000
OMP_Rows,500,500,2,42,0.40,4,59.668000
OMP_Rows,500,500,2,42,0.40,5,59.014000
OMP_Rows,500,500,2,42,0.40,6,59.403000
OMP_Rows,500,500,2,42,0.40,7,58.991000
OMP_Rows,500,500,2,42,0.40,8,59.455000
OMP_Rows,500,500,2,42,0.40,9,59.464000
OMP_Rows,500,500,2,42,0.40,10,59.873000
OMP_Rows,500,500,2,42,0.40,11,59.394000
OMP_Rows,500,500,2,42,0.40,12,60.716000
OMP_Rows,500,500,2,42,0.40,13,59.251000
OMP_Rows,500,500,2,42,0.40,14,59.334000
OMP_Rows,500,500,2,42,0.40,15,60.511000
OMP_Rows,500,500,2,42,0.40,16,62.030000
OMP_Rows,500,500,2,42,0.40,17,62.061000
OMP_Rows,500,500,2,42,0.40,18,62.988000
OMP_Rows,500,500,2,42,0.40,19,59.233000
OMP_Rows,500,500,2,42,0.40,20,60.174000
OMP_Rows,500,500,2,42,0.40,21,59.887000
OMP_Rows,500,500,2,42,0.40,22,58.876000
OMP_Rows,500,500,2,42,0.40,23,59.462000
OMP_Rows,500,500,2,42,0.40,24,59.687000
OMP_Rows,500,500,2,42,0.40,AVG,59.387333
OMP_Rows,500,500,3,42,0.40,0,50.731000
OMP_Rows,500,500,3,42,0.40,1,51.495000
OMP_Rows,500,500,3,42,0.40,2,51.825000
OMP_Rows,500,500,3,42,0.40,3,51.297000
OMP_Rows,500,500,3,42,0.40,4,51.471000
OMP_Rows,500,500,3,42,0.40,5,51.482000
OMP_Rows,500,500,3,42,0.40,6,51.889000
OMP_Rows,500,500,3,42,0.40,7,51.562000
OMP_Rows,500,500,3,42,0.40,8,51.813000
OMP_Rows,500,500,3,42,0.40,9,52.088000
OMP_Rows,500,500,3,42,0.40,10,51.764000
OMP_Rows,500,500,3,42,0.40,11,52.744000
OMP_Rows,500,500,3,42,0.40,12,52.154000
OMP_Rows,500,500,3,42,0.40,13,52.777000
OMP_Rows,500,500,3,42,0.40,14,51.585000
OMP_Rows,500,500,3,42,0.40,15,51.526000
OMP_Rows,500,500,3,42,0.40,16,52.673000
OMP_Rows,500,500,3,42,0.40,17,51.212000
OMP_Rows,500,500,3,42,0.40,18,51.447000
OMP_Rows,500,500,3,42,0.40,19,51.712000
OMP_Rows,500,500,3,42,0.40,20,52.220000
OMP_Rows,500,500,3,42,0.40,21,51.487000
OMP_Rows,500,500,3,42,0.40,22,51.521000
OMP_Rows,500,500,3,42,0.40,23,51.296000
OMP_Rows,500,500,3,42,0.40,24,51.353000
OMP_Rows,500,500,3,42,0.40,AVG,51.540944
OMP_Rows,500,500,4,42,0.40,0,45.030000
OMP_Rows,500,500,4,42,0.40,1,46.161000
OMP_Rows,500,500,4,42,0.40,2,46.207000
OMP_Rows,500,500,4,42,0.40,3,46.364000
OMP_Rows,500,500,4,42,0.40,4,47.644000
OMP_Rows,500,500,4,42,0.40,5,46.166000
OMP_Rows,500,500,4,42,0.40,6,46.084000
OMP_Rows,500,500,4,42,0.40,7,46.035000
OMP_Rows,500,500,4,42,0.40,8,47.563000
OMP_Rows,500,500,4,42,0.40,9,47.399000
OMP_Rows,500,500,4,42,0.40,10,47.587000
OMP_Rows,500,500,4,42,0.40,11,47.854000
OMP_Rows,500,500,4,42,0.40,12,45.758000
OMP_Rows,500,500,4,42,0.40,13,46.403000
OMP_Rows,500,500,4,42,0.40,14,47.847000
OMP_Rows,500,500,4,42,0.40,15,46.924000
OMP_Rows,500,500,4,42,0.40,16,46.114000
OMP_Rows,500,500,4,42,0.40,17,46.646000
OMP_Rows,500,500,4,42,0.40,18,49.449000
OMP_Rows,500,500,4,42,0.40,19,47.594000
OMP_Rows,500,500,4,42,0.40,20,46.742000
OMP_Rows,500,500,4,42,0.40,21,45.984000
OMP_Rows,500,500,4,42,0.40,22,45.786000
OMP_Rows,500,500,4,42,0.40,23,45.806000
OMP_Rows,500,500,4,42,0.40,24,45.926000
OMP_Rows,500,500,4,42,0.40,AVG,46.567667
OMP_Rows,500,500,5,42,0.40,0,48.531000
OMP_Rows,500,500,5,42,0.40,1,50.042000
OMP_Rows,500,500,5,42,0.40,2,51.108000
OMP_Rows,500,500,5,42,0.40,3,49.339000
OMP_Rows,500,500,5,42,0.40,4,50.024000
OMP_Rows,500,500,5,42,0.40,5,49.894000
OMP_Rows,500,500,5,42,0.40,6,49.724000
OMP_Rows,500,500,5,42,0.40,7,50.271000
OMP_Rows,500,500,5,42,0.40,8,52.411000
OMP_Rows,500,500,5,42,0.40,9,50.103000
OMP_Rows,500,500,5,42,0.40,10,50.262000
OMP_Rows,500,500,5,42,0.40,11,50.165000
OMP_Rows,500,500,5,42,0.40,12,50.921000
OMP_Rows,500,500,5,42,0.40,13,49.440000
OMP_Rows,500,500,5,42,0.40,14,49.675000
OMP_Rows,500,500,5,42,0.40,15,49.722000
OMP_Rows,500,500,5,42,0.40,16,49.169000
OMP_Rows,500,500,5,42,0.40,17,49.659000
OMP_Rows,500,500,5,42,0.40,18,49.671000
OMP_Rows,500,500,5,42,0.40,19,49.468000
OMP_Rows,500,500,5,42,0.40,20,49.664000
OMP_Rows,500,500,5,42,0.40,21,49.151000
OMP_Rows,500,500,5,42,0.40,22,49.558000
OMP_Rows,500,500,5,42,0.40,23,49.008000
OMP_Rows,500,500,5,42,0.40,24,50.588000
OMP_Rows,500,500,5,42,0.40,AVG,49.700450
OMP_Rows,500,500,6,42,0.40,0,53.697000
OMP_Rows,500,500,6,42,0.40,1,54.587000
OMP_Rows,500,500,6,42,0.40,2,54.880000
OMP_Rows,500,500,6,42,0.40,3,55.169000
OMP_Rows,500,500,6,42,0.40,4,55.346000
OMP_Rows,500,500,6,42,0.40,5,55.880000
OMP_Rows,500,500,6,42,0.40,6,54.762000
OMP_Rows,500,500,6,42,0.40,7,54.119000
OMP_Rows,500,500,6,42,0.40,8,55.724000
OMP_Rows,500,500,6,42,0.40,9,53.958000
OMP_Rows,500,500,6,42,0.40,10,54.346000
OMP_Rows,500,500,6,42,0.40,11,54.232000
OMP_Rows,500,500,6,42,0.40,12,54.396000
OMP_Rows,500,500,6,42,0.40,13,53.841000
OMP_Rows,500,500,6,42,0.40,14,53.846000
OMP_Rows,500,500,6,42,0.40,15,54.184000
OMP_Rows,500,500,6,42,0.40,16,54.464000
OMP_Rows,500,500,6,42,0.40,17,53.812000
OMP_Rows,500,500,6,42,0.40,18,53.468000
OMP_Rows,500,500,6,42,0.40,19,54.223000
OMP_Rows,500,500,6,42,0.40,20,53.517000
OMP_Rows,500,500,6,42,0.40,21,54.166000
OMP_Rows,500,500,6,42,0.40,22,53.491000
OMP_Rows,500,500,6,42,0.40,23,54.135000
OMP_Rows,500,500,6,42,0.40,24,56.189000
OMP_Rows,500,500,6,42,0.40,AVG,54.106200
OMP_Rows,500,500,7,42,0.40,0,57.794000
OMP_Rows,500,500,7,42,0.40,1,55.812000
OMP_Rows,500,500,7,42,0.40,2,57.224000
OMP_Rows,500,500,7,42,0.40,3,58.967000
OMP_Rows,500,500,7,42,0.40,4,56.419000
OMP_Rows,500,500,7,42,0.40,5,55.899000
OMP_Rows,500,500,7,42,0.40,6,56.789000
OMP_Rows,500,500,7,42,0.40,7,57.624000
OMP_Rows,500,500,7,42,0.40,8,56.237000
OMP_Rows,500,500,7,42,0.40,9,56.124000
OMP_Rows,500,500,7,42,0.40,10,55.810000
OMP_Rows,500,500,7,42,0.40,11,56.269000
OMP_Rows,500,500,7,42,0.40,12,55.888000
OMP_Rows,500,500,7,42,0.40,13,56.563000
OMP_Rows,500,500,7,42,0.40,14,56.454000
OMP_Rows,500,500,7,42,0.40,15,56.800000
OMP_Rows,500,500,7,42,0.40,16,56.853000
OMP_Rows,500,500,7,42,0.40,17,57.278000
OMP_Rows,500,500,7,42,0.40,18,58.714000
OMP_Rows,500,500,7,42,0.40,19,56.840000
OMP_Rows,500,500,7,42,0.40,20,56.861000
OMP_Rows,500,500,7,42,0.40,21,56.822000
OMP_Rows,500,500,7,42,0.40,22,58.149000
OMP_Rows,500,500,7,42,0.40,23,59.964000
OMP_Rows,500,500,7,42,0.40,24,58.787000
OMP_Rows,500,500,7,42,0.40,AVG,56.496778
OMP_Rows,500,500,8,42,0.40,0,65.368000
OMP_Rows,500,500,8,42,0.40,1,55.546000
OMP_Rows,500,500,8,42,0.40,2,56.087000
OMP_Rows,500,500,8,42,0.40,3,55.434000
OMP_Rows,500,500,8,42,0.40,4,55.969000
OMP_Rows,500,500,8,42,0.40,5,55.516000
OMP_Rows,500,500,8,42,0.40,6,55.790000
OMP_Rows,500,500,8,42,0.40,7,64.769000
OMP_Rows,500,500,8,42,0.40,8,67.921000
OMP_Rows,500,500,8,42,0.40,9,67.129000
OMP_Rows,500,500,8,42,0.40,10,69.263000
OMP_Rows,500,500,8,42,0.40,11,69.180000
OMP_Rows,500,500,8,42,0.40,12,68.326000
OMP_Rows,500,500,8,42,0.40,13,68.488000
OMP_Rows,500,500,8,42,0.40,14,68.647000
OMP_Rows,500,500,8,42,0.40,15,70.681000
OMP_Rows,500,500,8,42,0.40,16,67.566000
OMP_Rows,500,500,8,42,0.40,17,56.903000
OMP_Rows,500,500,8,42,0.40,18,57.292000
OMP_Rows,500,500,8,42,0.40,19,66.610000
OMP_Rows,500,500,8,42,0.40,20,56.225000
OMP_Rows,500,500,8,42,0.40,21,74.095000
OMP_Rows,500,500,8,42,0.40,22,68.991000
OMP_Rows,500,500,8,42,0.40,23,56.615000
OMP_Rows,500,500,8,42,0.40,24,55.960000
OMP_Rows,500,500,8,42,0.40,AVG,62.974840
OMP_Rows,500,500,12,42,0.40,0,83.385000
OMP_Rows,500,500,12,42,0.40,1,87.651000
OMP_Rows,500,500,12,42,0.40,2,85.757000
OMP_Rows,500,500,12,42,0.40,3,88.679000
OMP_Rows,500,500,12,42,0.40,4,88.063000
OMP_Rows,500,500,12,42,0.40,5,83.757000
OMP_Rows,500,500,12,42,0.40,6,77.561000
OMP_Rows,500,500,12,42,0.40,7,84.924000
OMP_Rows,500,500,12,42,0.40,8,78.859000
OMP_Rows,500,500,12,42,0.40,9,86.195000
OMP_Rows,500,500,12,42,0.40,10,80.262000
OMP_Rows,500,500,12,42,0.40,11,76.930000
OMP_Rows,500,500,12,42,0.40,12,76.800000
OMP_Rows,500,500,12,42,0.40,13,76.926000
OMP_Rows,500,500,12,42,0.40,14,78.319000
OMP_Rows,500,500,12,42,0.40,15,85.448000
OMP_Rows,500,500,12,42,0.40,16,86.004000
OMP_Rows,500,500,12,42,0.40,17,87.592000
OMP_Rows,500,500,12,42,0.40,18,85.989000
OMP_Rows,500,500,12,42,0.40,19,86.008000
OMP_Rows,500,500,12,42,0.40,20,92.561000
OMP_Rows,500,500,12,42,0.40,21,86.759000
OMP_Rows,500,500,12,42,0.40,22,80.636000
OMP_Rows,500,500,12,42,0.40,23,80.186000
OMP_Rows,500,500,12,42,0.40,24,82.260000
OMP_Rows,500,500,12,42,0.40,AVG,83.122917
OMP_Rows,500,500,16,42,0.40,0,103.779000
OMP_Rows,500,500,16,42,0.40,1,105.940000
OMP_Rows,500,500,16,42,0.40,2,109.156000
OMP_Rows,500,500,16,42,0.40,3,107.759000
OMP_Rows,500,500,16,42,0.40,4,114.163000
OMP_Rows,500,500,16,42,0.40,5,107.369000
OMP_Rows,500,500,16,42,0.40,6,103.491000
OMP_Rows,500,500,16,42,0.40,7,106.083000
OMP_Rows,500,500,16,42,0.40,8,103.556000
OMP_Rows,500,500,16,42,0.40,9,106.482000
OMP_Rows,500,500,16,42,0.40,10,100.663000
OMP_Rows,500,500,16,42,0.40,11,100.821000
OMP_Rows,500,500,16,42,0.40,12,102.262000
OMP_Rows,500,500,16,42,0.40,13,105.245000
OMP_Rows,500,500,16,42,0.40,14,104.632000
OMP_Rows,500,500,16,42,0.40,15,108.006000
OMP_Rows,500,500,16,42,0.40,16,107.352000
OMP_Rows,500,500,16,42,0.40,17,112.822000
OMP_Rows,500,500,16,42,0.40,18,107.051000
OMP_Rows,500,500,16,42,0.40,19,104.507000
OMP_Rows,500,500,16,42,0.40,20,103.745000
OMP_Rows,500,500,16,42,0.40,21,101.247000
OMP_Rows,500,500,16,42,0.40,22,108.636000
OMP_Rows,500,500,16,42,0.40,23,100.970000
OMP_Rows,500,500,16,42,0.40,24,100.640000
OMP_Rows,500,500,16,42,0.40,AVG,104.756174
OMP_Rows,500,500,20,42,0.40,0,128.983000
OMP_Rows,500,500,20,42,0.40,1,126.829000
OMP_Rows,500,500,20,42,0.40,2,126.021000
OMP_Rows,500,500,20,42,0.40,3,128.433000
OMP_Rows,500,500,20,42,0.40,4,127.045000
OMP_Rows,500,500,20,42,0.40,5,132.424000
OMP_Rows,500,500,20,42,0.40,6,128.332000
OMP_Rows,500,500,20,42,0.40,7,130.341000
OMP_Rows,500,500,20,42,0.40,8,133.938000
OMP_Rows,500,500,20,42,0.40,9,130.929000
OMP_Rows,500,500,20,42,0.40,10,135.944000
OMP_Rows,500,500,20,42,0.40,11,129.353000
OMP_Rows,500,500,20,42,0.40,12,128.290000
OMP_Rows,500,500,20,42,0.40,13,130.148000
OMP_Rows,500,500,20,42,0.40,14,129.467000
OMP_Rows,500,500,20,42,0.40,15,126.133000
OMP_Rows,500,500,20,42,0.40,16,126.691000
OMP_Rows,500,500,20,42,0.40,17,130.625000
OMP_Rows,500,500,20,42,0.40,18,131.312000
OMP_Rows,500,500,20,42,0.40,19,134.030000
OMP_Rows,500,500,20,42,0.40,20,134.707000
OMP_Rows,500,500,20,42,0.40,21,132.439000
OMP_Rows,500,500,20,42,0.40,22,126.888000
OMP_Rows,500,500,20,42,0.40,23,128.828000
OMP_Rows,500,500,20,42,0.40,24,131.743000
OMP_Rows,500,500,20,42,0.40,AVG,129.747042
OMP_Rows,1000,1000,2,42,0.40,0,235.459000
OMP_Rows,1000,1000,2,42,0.40,1,233.948000
OMP_Rows,1000,1000,2,42,0.40,2,234.190000
OMP_Rows,1000,1000,2,42,0.40,3,236.226000
OMP_Rows,1000,1000,2,42,0.40,4,236.857000
OMP_Rows,1000,1000,2,42,0.40,5,237.482000
OMP_Rows,1000,1000,2,42,0.40,6,234.124000
OMP_Rows,1000,1000,2,42,0.40,7,233.826000
OMP_Rows,1000,1000,2,42,0.40,8,235.106000
OMP_Rows,1000,1000,2,42,0.40,9,236.107000
OMP_Rows,1000,1000,2,42,0.40,10,238.190000
OMP_Rows,1000,1000,2,42,0.40,11,234.573000
OMP_Rows,1000,1000,2,42,0.40,12,234.115000
OMP_Rows,1000,1000,2,42,0.40,13,233.145000
OMP_Rows,1000,1000,2,42,0.40,14,234.736000
OMP_Rows,1000,1000,2,42,0.40,15,235.843000
OMP_Rows,1000,1000,2,42,0.40,16,237.475000
OMP_Rows,1000,1000,2,42,0.40,17,235.808000
OMP_Rows,1000,1000,2,42,0.40,18,234.681000
OMP_Rows,1000,1000,2,42,0.40,19,233.715000
OMP_Rows,1000,1000,2,42,0.40,20,235.488000
OMP_Rows,1000,1000,2,42,0.40,21,235.717000
OMP_Rows,1000,1000,2,42,0.40,22,236.865000
OMP_Rows,1000,1000,2,42,0.40,23,236.595000
OMP_Rows,1000,1000,2,42,0.40,24,233.558000
OMP_Rows,1000,1000,2,42,0.40,AVG,235.234958
OMP_Rows,1000,1000,3,42,0.40,0,155.844000
OMP_Rows,1000,1000,3,42,0.40,1,156.219000
OMP_Rows,1000,1000,3,42,0.40,2,155.201000
OMP_Rows,1000,1000,3,42,0.40,3,153.981000
OMP_Rows,1000,1000,3,42,0.40,4,153.715000
OMP_Rows,1000,1000,3,42,0.40,5,153.915000
OMP_Rows,1000,1000,3,42,0.40,6,155.760000
OMP_Rows,1000,1000,3,42,0.40,7,154.870000
OMP_Rows,1000,1000,3,42,0.40,8,157.457000
OMP_Rows,1000,1000,3,42,0.40,9,156.123000
OMP_Rows,1000,1000,3,42,0.40,10,158.304000
OMP_Rows,1000,1000,3,42,0.40,11,154.212000
OMP_Rows,1000,1000,3,42,0.40,12,155.620000
OMP_Rows,1000,1000,3,42,0.40,13,153.591000
OMP_Rows,1000,1000,3,42,0.40,14,154.037000
OMP_Rows,1000,1000,3,42,0.40,15,156.239000
OMP_Rows,1000,1000,3,42,0.40,16,156.275000
OMP_Rows,1000,1000,3,42,0.40,17,157.374000
OMP_Rows,1000,1000,3,42,0.40,18,155.578000
OMP_Rows,1000,1000,3,42,0.40,19,154.526000
OMP_Rows,1000,1000,3,42,0.40,20,153.969000
OMP_Rows,1000,1000,3,42,0.40,21,156.162000
OMP_Rows,1000,1000,3,42,0.40,22,155.393000
OMP_Rows,1000,1000,3,42,0.40,23,153.769000
OMP_Rows,1000,1000,3,42,0.40,24,155.767000
OMP_Rows,1000,1000,3,42,0.40,AVG,155.233208
OMP_Rows,1000,1000,4,42,0.40,0,115.208000
OMP_Rows,1000,1000,4,42,0.40,1,116.310000
OMP_Rows,1000,1000,4,42,0.40,2,116.142000
OMP_Rows,1000,1000,4,42,0.40,3,115.369000
OMP_Rows,1000,1000,4,42,0.40,4,116.246000
OMP_Rows,1000,1000,4,42,0.40,5,116.413000
OMP_Rows,1000,1000,4,42,0.40,6,116.987000
OMP_Rows,1000,1000,4,42,0.40,7,116.820000
OMP_Rows,1000,1000,4,42,0.40,8,118.096000
OMP_Rows,1000,1000,4,42,0.40,9,120.993000
OMP_Rows,1000,1000,4,42,0.40,10,117.604000
OMP_Rows,1000,1000,4,42,0.40,11,116.115000
OMP_Rows,1000,1000,4,42,0.40,12,116.369000
OMP_Rows,1000,1000,4,42,0.40,13,115.664000
OMP_Rows,1000,1000,4,42,0.40,14,116.916000
OMP_Rows,1000,1000,4,42,0.40,15,115.517000
OMP_Rows,1000,1000,4,42,0.40,16,116.027000
OMP_Rows,1000,1000,4,42,0.40,17,116.336000
OMP_Rows,1000,1000,4,42,0.40,18,118.470000
OMP_Rows,1000,1000,4,42,0.40,19,116.307000
OMP_Rows,1000,1000,4,42,0.40,20,121.370000
OMP_Rows,1000,1000,4,42,0.40,21,117.182000
OMP_Rows,1000,1000,4,42,0.40,22,119.748000
OMP_Rows,1000,1000,4,42,0.40,23,115.622000
OMP_Rows,1000,1000,4,42,0.40,24,117.163000
OMP_Rows,1000,1000,4,42,0.40,AVG,116.248053
OMP_Rows,1000,1000,5,42,0.40,0,110.730000
OMP_Rows,1000,1000,5,42,0.40,1,110.641000
OMP_Rows,1000,1000,5,42,0.40,2,112.070000
OMP_Rows,1000,1000,5,42,0.40,3,112.277000
OMP_Rows,1000,1000,5,42,0.40,4,111.201000
OMP_Rows,1000,1000,5,42,0.40,5,110.026000
OMP_Rows,1000,1000,5,42,0.40,6,110.432000
OMP_Rows,1000,1000,5,42,0.40,7,109.888000
OMP_Rows,1000,1000,5,42,0.40,8,110.841000
OMP_Rows,1000,1000,5,42,0.40,9,110.014000
OMP_Rows,1000,1000,5,42,0.40,10,110.817000
OMP_Rows,1000,1000,5,42,0.40,11,110.506000
OMP_Rows,1000,1000,5,42,0.40,12,112.066000
OMP_Rows,1000,1000,5,42,0.40,13,110.759000
OMP_Rows,1000,1000,5,42,0.40,14,110.757000
OMP_Rows,1000,1000,5,42,0.40,15,113.803000
OMP_Rows,1000,1000,5,42,0.40,16,111.030000
OMP_Rows,1000,1000,5,42,0.40,17,111.018000
OMP_Rows,1000,1000,5,42,0.40,18,109.873000
OMP_Rows,1000,1000,5,42,0.40,19,110.796000
OMP_Rows,1000,1000,5,42,0.40,20,110.849000
OMP_Rows,1000,1000,5,42,0.40,21,109.278000
OMP_Rows,1000,1000,5,42,0.40,22,110.109000
OMP_Rows,1000,1000,5,42,0.40,23,110.150000
OMP_Rows,1000,1000,5,42,0.40,24,111.020000
OMP_Rows,1000,1000,5,42,0.40,AVG,110.572850
OMP_Rows,1000,1000,6,42,0.40,0,107.123000
OMP_Rows,1000,1000,6,42,0.40,1,102.445000
OMP_Rows,1000,1000,6,42,0.40,2,101.848000
OMP_Rows,1000,1000,6,42,0.40,3,106.670000
OMP_Rows,1000,1000,6,42,0.40,4,119.531000
OMP_Rows,1000,1000,6,42,0.40,5,102.398000
OMP_Rows,1000,1000,6,42,0.40,6,101.754000
OMP_Rows,1000,1000,6,42,0.40,7,103.331000
OMP_Rows,1000,1000,6,42,0.40,8,103.477000
OMP_Rows,1000,1000,6,42,0.40,9,111.708000
OMP_Rows,1000,1000,6,42,0.40,10,133.968000
OMP_Rows,1000,1000,6,42,0.40,11,105.206000
OMP_Rows,1000,1000,6,42,0.40,12,104.565000
OMP_Rows,1000,1000,6,42,0.40,13,102.786000
OMP_Rows,1000,1000,6,42,0.40,14,103.555000
OMP_Rows,1000,1000,6,42,0.40,15,102.011000
OMP_Rows,1000,1000,6,42,0.40,16,109.945000
OMP_Rows,1000,1000,6,42,0.40,17,120.042000
OMP_Rows,1000,1000,6,42,0.40,18,104.569000
OMP_Rows,1000,1000,6,42,0.40,19,108.773000
OMP_Rows,1000,1000,6,42,0.40,20,126.473000
OMP_Rows,1000,1000,6,42,0.40,21,105.686000
OMP_Rows,1000,1000,6,42,0.40,22,105.148000
OMP_Rows,1000,1000,6,42,0.40,23,105.560000
OMP_Rows,1000,1000,6,42,0.40,24,119.392000
OMP_Rows,1000,1000,6,42,0.40,AVG,104.007765
OMP_Rows,1000,1000,7,42,0.40,0,125.831000
OMP_Rows,1000,1000,7,42,0.40,1,116.797000
OMP_Rows,1000,1000,7,42,0.40,2,107.060000
OMP_Rows,1000,1000,7,42,0.40,3,105.834000
OMP_Rows,1000,1000,7,42,0.40,4,106.143000
OMP_Rows,1000,1000,7,42,0.40,5,110.367000
OMP_Rows,1000,1000,7,42,0.40,6,106.006000
OMP_Rows,1000,1000,7,42,0.40,7,122.039000
OMP_Rows,1000,1000,7,42,0.40,8,121.609000
OMP_Rows,1000,1000,7,42,0.40,9,106.464000
OMP_Rows,1000,1000,7,42,0.40,10,106.048000
OMP_Rows,1000,1000,7,42,0.40,11,105.844000
OMP_Rows,1000,1000,7,42,0.40,12,107.447000
OMP_Rows,1000,1000,7,42,0.40,13,105.872000
OMP_Rows,1000,1000,7,42,0.40,14,107.586000
OMP_Rows,1000,1000,7,42,0.40,15,106.461000
OMP_Rows,1000,1000,7,42,0.40,16,106.234000
OMP_Rows,1000,1000,7,42,0.40,17,107.799000
OMP_Rows,1000,1000,7,42,0.40,18,107.616000
OMP_Rows,1000,1000,7,42,0.40,19,107.852000
OMP_Rows,1000,1000,7,42,0.40,20,106.103000
OMP_Rows,1000,1000,7,42,0.40,21,106.731000
OMP_Rows,1000,1000,7,42,0.40,22,106.095000
OMP_Rows,1000,1000,7,42,0.40,23,106.212000
OMP_Rows,1000,1000,7,42,0.40,24,105.961000
OMP_Rows,1000,1000,7,42,0.40,AVG,106.568400
OMP_Rows,1000,1000,8,42,0.40,0,114.555000
OMP_Rows,1000,1000,8,42,0.40,1,92.081000
OMP_Rows,1000,1000,8,42,0.40,2,103.987000
OMP_Rows,1000,1000,8,42,0.40,3,95.170000
OMP_Rows,1000,1000,8,42,0.40,4,106.633000
OMP_Rows,1000,1000,8,42,0.40,5,91.317000
OMP_Rows,1000,1000,8,42,0.40,6,91.688000
OMP_Rows,1000,1000,8,42,0.40,7,90.910000
OMP_Rows,1000,1000,8,42,0.40,8,101.434000
OMP_Rows,1000,1000,8,42,0.40,9,113.007000
OMP_Rows,1000,1000,8,42,0.40,10,115.146000
OMP_Rows,1000,1000,8,42,0.40,11,113.154000
OMP_Rows,1000,1000,8,42,0.40,12,113.669000
OMP_Rows,1000,1000,8,42,0.40,13,115.977000
OMP_Rows,1000,1000,8,42,0.40,14,96.124000
OMP_Rows,1000,1000,8,42,0.40,15,104.119000
OMP_Rows,1000,1000,8,42,0.40,16,91.670000
OMP_Rows,1000,1000,8,42,0.40,17,110.630000
OMP_Rows,1000,1000,8,42,0.40,18,91.930000
OMP_Rows,1000,1000,8,42,0.40,19,91.802000
OMP_Rows,1000,1000,8,42,0.40,20,91.512000
OMP_Rows,1000,1000,8,42,0.40,21,97.200000
OMP_Rows,1000,1000,8,42,0.40,22,113.295000
OMP_Rows,1000,1000,8,42,0.40,23,113.342000
OMP_Rows,1000,1000,8,42,0.40,24,114.785000
OMP_Rows,1000,1000,8,42,0.40,AVG,103.005480
OMP_Rows,1000,1000,12,42,0.40,0,126.461000
OMP_Rows,1000,1000,12,42,0.40,1,115.241000
OMP_Rows,1000,1000,12,42,0.40,2,115.218000
OMP_Rows,1000,1000,12,42,0.40,3,124.302000
OMP_Rows,1000,1000,12,42,0.40,4,124.671000
OMP_Rows,1000,1000,12,42,0.40,5,128.335000
OMP_Rows,1000,1000,12,42,0.40,6,129.311000
OMP_Rows,1000,1000,12,42,0.40,7,132.370000
OMP_Rows,1000,1000,12,42,0.40,8,119.439000
OMP_Rows,1000,1000,12,42,0.40,9,124.543000
OMP_Rows,1000,1000,12,42,0.40,10,131.027000
OMP_Rows,1000,1000,12,42,0.40,11,119.239000
OMP_Rows,1000,1000,12,42,0.40,12,115.937000
OMP_Rows,1000,1000,12,42,0.40,13,114.722000
OMP_Rows,1000,1000,12,42,0.40,14,124.367000
OMP_Rows,1000,1000,12,42,0.40,15,125.207000
OMP_Rows,1000,1000,12,42,0.40,16,129.255000
OMP_Rows,1000,1000,12,42,0.40,17,129.033000
OMP_Rows,1000,1000,12,42,0.40,18,132.741000
OMP_Rows,1000,1000,12,42,0.40,19,119.822000
OMP_Rows,1000,1000,12,42,0.40,20,122.537000
OMP_Rows,1000,1000,12,42,0.40,21,115.293000
OMP_Rows,1000,1000,12,42,0.40,22,125.742000
OMP_Rows,1000,1000,12,42,0.40,23,118.488000
OMP_Rows,1000,1000,12,42,0.40,24,116.095000
OMP_Rows,1000,1000,12,42,0.40,AVG,123.175840
OMP_Rows,1000,1000,16,42,0.40,0,129.335000
OMP_Rows,1000,1000,16,42,0.40,1,134.684000
OMP_Rows,1000,1000,16,42,0.40,2,145.560000
OMP_Rows,1000,1000,16,42,0.40,3,130.512000
OMP_Rows,1000,1000,16,42,0.40,4,129.701000
OMP_Rows,1000,1000,16,42,0.40,5,135.321000
OMP_Rows,1000,1000,16,42,0.40,6,135.992000
OMP_Rows,1000,1000,16,42,0.40,7,140.522000
OMP_Rows,1000,1000,16,42,0.40,8,156.071000
OMP_Rows,1000,1000,16,42,0.40,9,144.094000
OMP_Rows,1000,1000,16,42,0.40,10,131.082000
OMP_Rows,1000,1000,16,42,0.40,11,133.756000
OMP_Rows,1000,1000,16,42,0.40,12,144.561000
OMP_Rows,1000,1000,16,42,0.40,13,130.288000
OMP_Rows,1000,1000,16,42,0.40,14,129.775000
OMP_Rows,1000,1000,16,42,0.40,15,136.498000
OMP_Rows,1000,1000,16,42,0.40,16,134.353000
OMP_Rows,1000,1000,16,42,0.40,17,141.382000
OMP_Rows,1000,1000,16,42,0.40,18,159.383000
OMP_Rows,1000,1000,16,42,0.40,19,145.745000
OMP_Rows,1000,1000,16,42,0.40,20,129.895000
OMP_Rows,1000,1000,16,42,0.40,21,134.417000
OMP_Rows,1000,1000,16,42,0.40,22,130.437000
OMP_Rows,1000,1000,16,42,0.40,23,140.522000
OMP_Rows,1000,1000,16,42,0.40,24,129.203000
OMP_Rows,1000,1000,16,42,0.40,AVG,135.549348
OMP_Rows,1000,1000,20,42,0.40,0,153.962000
OMP_Rows,1000,1000,20,42,0.40,1,167.054000
OMP_Rows,1000,1000,20,42,0.40,2,151.364000
OMP_Rows,1000,1000,20,42,0.40,3,151.021000
OMP_Rows,1000,1000,20,42,0.40,4,162.697000
OMP_Rows,1000,1000,20,42,0.40,5,165.588000
OMP_Rows,1000,1000,20,42,0.40,6,167.122000
OMP_Rows,1000,1000,20,42,0.40,7,168.695000
OMP_Rows,1000,1000,20,42,0.40,8,151.006000
OMP_Rows,1000,1000,20,42,0.40,9,152.858000
OMP_Rows,1000,1000,20,42,0.40,10,161.337000
OMP_Rows,1000,1000,20,42,0.40,11,153.917000
OMP_Rows,1000,1000,20,42,0.40,12,152.127000
OMP_Rows,1000,1000,20,42,0.40,13,160.798000
OMP_Rows,1000,1000,20,42,0.40,14,164.848000
OMP_Rows,1000,1000,20,42,0.40,15,169.104000
OMP_Rows,1000,1000,20,42,0.40,16,160.729000
OMP_Rows,1000,1000,20,42,0.40,17,156.245000
OMP_Rows,1000,1000,20,42,0.40,18,156.889000
OMP_Rows,1000,1000,20,42,0.40,19,154.616000
OMP_Rows,1000,1000,20,42,0.40,20,156.710000
OMP_Rows,1000,1000,20,42,0.40,21,156.914000
OMP_Rows,1000,1000,20,42,0.40,22,159.834000
OMP_Rows,1000,1000,20,42,0.40,23,165.956000
OMP_Rows,1000,1000,20,42,0.40,24,172.254000
OMP_Rows,1000,1000,20,42,0.40,AVG,159.745800
OMP_Rows,1500,1500,2,42,0.40,0,520.351000
OMP_Rows,1500,1500,2,42,0.40,1,515.287000
OMP_Rows,1500,1500,2,42,0.40,2,520.867000
OMP_Rows,1500,1500,2,42,0.40,3,519.359000
OMP_Rows,1500,1500,2,42,0.40,4,515.848000
OMP_Rows,1500,1500,2,42,0.40,5,520.942000
OMP_Rows,1500,1500,2,42,0.40,6,516.126000
OMP_Rows,1500,1500,2,42,0.40,7,518.522000
OMP_Rows,1500,1500,2,42,0.40,8,520.612000
OMP_Rows,1500,1500,2,42,0.40,9,515.562000
OMP_Rows,1500,1500,2,42,0.40,10,520.241000
OMP_Rows,1500,1500,2,42,0.40,11,519.318000
OMP_Rows,1500,1500,2,42,0.40,12,516.267000
OMP_Rows,1500,1500,2,42,0.40,13,522.830000
OMP_Rows,1500,1500,2,42,0.40,14,516.373000
OMP_Rows,1500,1500,2,42,0.40,15,519.183000
OMP_Rows,1500,1500,2,42,0.40,16,519.954000
OMP_Rows,1500,1500,2,42,0.40,17,539.616000
OMP_Rows,1500,1500,2,42,0.40,18,541.273000
OMP_Rows,1500,1500,2,42,0.40,19,549.659000
OMP_Rows,1500,1500,2,42,0.40,20,525.410000
OMP_Rows,1500,1500,2,42,0.40,21,527.023000
OMP_Rows,1500,1500,2,42,0.40,22,520.999000
OMP_Rows,1500,1500,2,42,0.40,23,520.463000
OMP_Rows,1500,1500,2,42,0.40,24,520.589000
OMP_Rows,1500,1500,2,42,0.40,AVG,518.984650
OMP_Rows,1500,1500,3,42,0.40,0,320.909000
OMP_Rows,1500,1500,3,42,0.40,1,328.057000
OMP_Rows,1500,1500,3,42,0.40,2,346.879000
OMP_Rows,1500,1500,3,42,0.40,3,334.872000
OMP_Rows,1500,1500,3,42,0.40,4,330.340000
OMP_Rows,1500,1500,3,42,0.40,5,313.062000
OMP_Rows,1500,1500,3,42,0.40,6,316.898000
OMP_Rows,1500,1500,3,42,0.40,7,314.902000
OMP_Rows,1500,1500,3,42,0.40,8,313.656000
OMP_Rows,1500,1500,3,42,0.40,9,313.068000
OMP_Rows,1500,1500,3,42,0.40,10,314.453000
OMP_Rows,1500,1500,3,42,0.40,11,315.631000
OMP_Rows,1500,1500,3,42,0.40,12,311.127000
OMP_Rows,1500,1500,3,42,0.40,13,311.951000
OMP_Rows,1500,1500,3,42,0.40,14,380.241000
OMP_Rows,1500,1500,3,42,0.40,15,336.625000
OMP_Rows,1500,1500,3,42,0.40,16,320.410000
OMP_Rows,1500,1500,3,42,0.40,17,316.007000
OMP_Rows,1500,1500,3,42,0.40,18,316.614000
OMP_Rows,1500,1500,3,42,0.40,19,321.350000
OMP_Rows,1500,1500,3,42,0.40,20,317.996000
OMP_Rows,1500,1500,3,42,0.40,21,313.712000
OMP_Rows,1500,1500,3,42,0.40,22,316.754000
OMP_Rows,1500,1500,3,42,0.40,23,316.407000
OMP_Rows,1500,1500,3,42,0.40,24,319.709000
OMP_Rows,1500,1500,3,42,0.40,AVG,316.032421
OMP_Rows,1500,1500,4,42,0.40,0,274.905000
OMP_Rows,1500,1500,4,42,0.40,1,257.010000
OMP_Rows,1500,1500,4,42,0.40,2,259.345000
OMP_Rows,1500,1500,4,42,0.40,3,259.124000
OMP_Rows,1500,1500,4,42,0.40,4,265.420000
OMP_Rows,1500,1500,4,42,0.40,5,256.554000
OMP_Rows,1500,1500,4,42,0.40,6,258.673000
OMP_Rows,1500,1500,4,42,0.40,7,267.539000
OMP_Rows,1500,1500,4,42,0.40,8,269.650000
OMP_Rows,1500,1500,4,42,0.40,9,267.925000
OMP_Rows,1500,1500,4,42,0.40,10,261.741000
OMP_Rows,1500,1500,4,42,0.40,11,256.496000
OMP_Rows,1500,1500,4,42,0.40,12,256.681000
OMP_Rows,1500,1500,4,42,0.40,13,259.471000
OMP_Rows,1500,1500,4,42,0.40,14,263.690000
OMP_Rows,1500,1500,4,42,0.40,15,257.051000
OMP_Rows,1500,1500,4,42,0.40,16,256.770000
OMP_Rows,1500,1500,4,42,0.40,17,256.421000
OMP_Rows,1500,1500,4,42,0.40,18,257.898000
OMP_Rows,1500,1500,4,42,0.40,19,260.674000
OMP_Rows,1500,1500,4,42,0.40,20,260.395000
OMP_Rows,1500,1500,4,42,0.40,21,257.570000
OMP_Rows,1500,1500,4,42,0.40,22,256.419000
OMP_Rows,1500,1500,4,42,0.40,23,257.371000
OMP_Rows,1500,1500,4,42,0.40,24,259.846000
OMP_Rows,1500,1500,4,42,0.40,AVG,257.987167
OMP_Rows,1500,1500,5,42,0.40,0,251.115000
OMP_Rows,1500,1500,5,42,0.40,1,249.589000
OMP_Rows,1500,1500,5,42,0.40,2,247.870000
OMP_Rows,1500,1500,5,42,0.40,3,247.316000
OMP_Rows,1500,1500,5,42,0.40,4,248.967000
OMP_Rows,1500,1500,5,42,0.40,5,249.090000
OMP_Rows,1500,1500,5,42,0.40,6,255.169000
OMP_Rows,1500,1500,5,42,0.40,7,253.558000
OMP_Rows,1500,1500,5,42,0.40,8,247.615000
OMP_Rows,1500,1500,5,42,0.40,9,247.604000
OMP_Rows,1500,1500,5,42,0.40,10,283.694000
OMP_Rows,1500,1500,5,42,0.40,11,259.263000
OMP_Rows,1500,1500,5,42,0.40,12,259.346000
OMP_Rows,1500,1500,5,42,0.40,13,249.856000
OMP_Rows,1500,1500,5,42,0.40,14,248.217000
OMP_Rows,1500,1500,5,42,0.40,15,251.980000
OMP_Rows,1500,1500,5,42,0.40,16,251.462000
OMP_Rows,1500,1500,5,42,0.40,17,251.848000
OMP_Rows,1500,1500,5,42,0.40,18,249.004000
OMP_Rows,1500,1500,5,42,0.40,19,248.220000
OMP_Rows,1500,1500,5,42,0.40,20,276.132000
OMP_Rows,1500,1500,5,42,0.40,21,268.859000
OMP_Rows,1500,1500,5,42,0.40,22,264.307000
OMP_Rows,1500,1500,5,42,0.40,23,256.649000
OMP_Rows,1500,1500,5,42,0.40,24,254.311000
OMP_Rows,1500,1500,5,42,0.40,AVG,249.581937
OMP_Rows,1500,1500,6,42,0.40,0,186.375000
OMP_Rows,1500,1500,6,42,0.40,1,190.285000
OMP_Rows,1500,1500,6,42,0.40,2,186.914000
OMP_Rows,1500,1500,6,42,0.40,3,188.254000
OMP_Rows,1500,1500,6,42,0.40,4,189.238000
OMP_Rows,1500,1500,6,42,0.40,5,219.061000
OMP_Rows,1500,1500,6,42,0.40,6,208.141000
OMP_Rows,1500,1500,6,42,0.40,7,237.870000
OMP_Rows,1500,1500,6,42,0.40,8,186.029000
OMP_Rows,1500,1500,6,42,0.40,9,211.744000
OMP_Rows,1500,1500,6,42,0.40,10,209.896000
OMP_Rows,1500,1500,6,42,0.40,11,197.591000
OMP_Rows,1500,1500,6,42,0.40,12,207.610000
OMP_Rows,1500,1500,6,42,0.40,13,219.501000
OMP_Rows,1500,1500,6,42,0.40,14,186.811000
OMP_Rows,1500,1500,6,42,0.40,15,186.282000
OMP_Rows,1500,1500,6,42,0.40,16,230.028000
OMP_Rows,1500,1500,6,42,0.40,17,190.211000
OMP_Rows,1500,1500,6,42,0.40,18,187.430000
OMP_Rows,1500,1500,6,42,0.40,19,187.319000
OMP_Rows,1500,1500,6,42,0.40,20,195.174000
OMP_Rows,1500,1500,6,42,0.40,21,235.721000
OMP_Rows,1500,1500,6,42,0.40,22,236.960000
OMP_Rows,1500,1500,6,42,0.40,23,218.924000
OMP_Rows,1500,1500,6,42,0.40,24,204.559000
OMP_Rows,1500,1500,6,42,0.40,AVG,203.917120
OMP_Rows,1500,1500,7,42,0.40,0,192.399000
OMP_Rows,1500,1500,7,42,0.40,1,193.375000
OMP_Rows,1500,1500,7,42,0.40,2,195.864000
OMP_Rows,1500,1500,7,42,0.40,3,198.639000
OMP_Rows,1500,1500,7,42,0.40,4,196.469000
OMP_Rows,1500,1500,7,42,0.40,5,211.325000
OMP_Rows,1500,1500,7,42,0.40,6,222.326000
OMP_Rows,1500,1500,7,42,0.40,7,208.734000
OMP_Rows,1500,1500,7,42,0.40,8,212.649000
OMP_Rows,1500,1500,7,42,0.40,9,195.650000
OMP_Rows,1500,1500,7,42,0.40,10,196.839000
OMP_Rows,1500,1500,7,42,0.40,11,199.411000
OMP_Rows,1500,1500,7,42,0.40,12,192.651000
OMP_Rows,1500,1500,7,42,0.40,13,191.869000
OMP_Rows,1500,1500,7,42,0.40,14,193.198000
OMP_Rows,1500,1500,7,42,0.40,15,194.112000
OMP_Rows,1500,1500,7,42,0.40,16,194.583000
OMP_Rows,1500,1500,7,42,0.40,17,196.842000
OMP_Rows,1500,1500,7,42,0.40,18,195.476000
OMP_Rows,1500,1500,7,42,0.40,19,193.601000
OMP_Rows,1500,1500,7,42,0.40,20,192.761000
OMP_Rows,1500,1500,7,42,0.40,21,191.974000
OMP_Rows,1500,1500,7,42,0.40,22,193.665000
OMP_Rows,1500,1500,7,42,0.40,23,193.803000
OMP_Rows,1500,1500,7,42,0.40,24,197.063000
OMP_Rows,1500,1500,7,42,0.40,AVG,194.326000
OMP_Rows,1500,1500,8,42,0.40,0,192.095000
OMP_Rows,1500,1500,8,42,0.40,1,194.432000
OMP_Rows,1500,1500,8,42,0.40,2,172.926000
OMP_Rows,1500,1500,8,42,0.40,3,169.495000
OMP_Rows,1500,1500,8,42,0.40,4,175.889000
OMP_Rows,1500,1500,8,42,0.40,5,157.754000
OMP_Rows,1500,1500,8,42,0.40,6,165.097000
OMP_Rows,1500,1500,8,42,0.40,7,192.281000
OMP_Rows,1500,1500,8,42,0.40,8,197.074000
OMP_Rows,1500,1500,8,42,0.40,9,195.668000
OMP_Rows,1500,1500,8,42,0.40,10,167.286000
OMP_Rows,1500,1500,8,42,0.40,11,167.444000
OMP_Rows,1500,1500,8,42,0.40,12,170.641000
OMP_Rows,1500,1500,8,42,0.40,13,158.823000
OMP_Rows,1500,1500,8,42,0.40,14,187.617000
OMP_Rows,1500,1500,8,42,0.40,15,201.152000
OMP_Rows,1500,1500,8,42,0.40,16,194.436000
OMP_Rows,1500,1500,8,42,0.40,17,188.171000
OMP_Rows,1500,1500,8,42,0.40,18,168.499000
OMP_Rows,1500,1500,8,42,0.40,19,171.678000
OMP_Rows,1500,1500,8,42,0.40,20,175.731000
OMP_Rows,1500,1500,8,42,0.40,21,160.136000
OMP_Rows,1500,1500,8,42,0.40,22,214.877000
OMP_Rows,1500,1500,8,42,0.40,23,235.234000
OMP_Rows,1500,1500,8,42,0.40,24,224.698000
OMP_Rows,1500,1500,8,42,0.40,AVG,178.378409
OMP_Rows,1500,1500,12,42,0.40,0,210.069000
OMP_Rows,1500,1500,12,42,0.40,1,204.847000
OMP_Rows,1500,1500,12,42,0.40,2,204.723000
OMP_Rows,1500,1500,12,42,0.40,3,203.986000
OMP_Rows,1500,1500,12,42,0.40,4,203.685000
OMP_Rows,1500,1500,12,42,0.40,5,206.440000
OMP_Rows,1500,1500,12,42,0.40,6,208.123000
OMP_Rows,1500,1500,12,42,0.40,7,206.787000
OMP_Rows,1500,1500,12,42,0.40,8,200.784000
OMP_Rows,1500,1500,12,42,0.40,9,203.225000
OMP_Rows,1500,1500,12,42,0.40,10,203.629000
OMP_Rows,1500,1500,12,42,0.40,11,203.582000
OMP_Rows,1500,1500,12,42,0.40,12,210.026000
OMP_Rows,1500,1500,12,42,0.40,13,210.771000
OMP_Rows,1500,1500,12,42,0.40,14,208.878000
OMP_Rows,1500,1500,12,42,0.40,15,213.647000
OMP_Rows,1500,1500,12,42,0.40,16,213.750000
OMP_Rows,1500,1500,12,42,0.40,17,215.623000
OMP_Rows,1500,1500,12,42,0.40,18,214.711000
OMP_Rows,1500,1500,12,42,0.40,19,214.047000
OMP_Rows,1500,1500,12,42,0.40,20,213.539000
OMP_Rows,1500,1500,12,42,0.40,21,209.076000
OMP_Rows,1500,1500,12,42,0.40,22,200.193000
OMP_Rows,1500,1500,12,42,0.40,23,219.164000
OMP_Rows,1500,1500,12,42,0.40,24,215.730000
OMP_Rows,1500,1500,12,42,0.40,AVG,208.327958
OMP_Rows,1500,1500,16,42,0.40,0,207.986000
OMP_Rows,1500,1500,16,42,0.40,1,212.637000
OMP_Rows,1500,1500,16,42,0.40,2,213.696000
OMP_Rows,1500,1500,16,42,0.40,3,204.543000
OMP_Rows,1500,1500,16,42,0.40,4,206.150000
OMP_Rows,1500,1500,16,42,0.40,5,198.516000
OMP_Rows,1500,1500,16,42,0.40,6,207.370000
OMP_Rows,1500,1500,16,42,0.40,7,210.721000
OMP_Rows,1500,1500,16,42,0.40,8,213.591000
OMP_Rows,1500,1500,16,42,0.40,9,272.077000
OMP_Rows,1500,1500,16,42,0.40,10,207.469000
OMP_Rows,1500,1500,16,42,0.40,11,194.976000
OMP_Rows,1500,1500,16,42,0.40,12,200.915000
OMP_Rows,1500,1500,16,42,0.40,13,209.861000
OMP_Rows,1500,1500,16,42,0.40,14,211.373000
OMP_Rows,1500,1500,16,42,0.40,15,211.251000
OMP_Rows,1500,1500,16,42,0.40,16,201.996000
OMP_Rows,1500,1500,16,42,0.40,17,205.687000
OMP_Rows,1500,1500,16,42,0.40,18,197.492000
OMP_Rows,1500,1500,16,42,0.40,19,207.662000
OMP_Rows,1500,1500,16,42,0.40,20,216.592000
OMP_Rows,1500,1500,16,42,0.40,21,239.017000
OMP_Rows,1500,1500,16,42,0.40,22,202.134000
OMP_Rows,1500,1500,16,42,0.40,23,203.324000
OMP_Rows,1500,1500,16,42,0.40,24,200.337000
OMP_Rows,1500,1500,16,42,0.40,AVG,206.877409
OMP_Rows,1500,1500,20,42,0.40,0,234.225000
OMP_Rows,1500,1500,20,42,0.40,1,235.479000
OMP_Rows,1500,1500,20,42,0.40,2,239.836000
OMP_Rows,1500,1500,20,42,0.40,3,240.087000
OMP_Rows,1500,1500,20,42,0.40,4,237.836000
OMP_Rows,1500,1500,20,42,0.40,5,235.262000
OMP_Rows,1500,1500,20,42,0.40,6,233.975000
OMP_Rows,1500,1500,20,42,0.40,7,235.420000
OMP_Rows,1500,1500,20,42,0.40,8,238.582000
OMP_Rows,1500,1500,20,42,0.40,9,239.716000
OMP_Rows,1500,1500,20,42,0.40,10,237.406000
OMP_Rows,1500,1500,20,42,0.40,11,236.452000
OMP_Rows,1500,1500,20,42,0.40,12,236.327000
OMP_Rows,1500,1500,20,42,0.40,13,236.842000
OMP_Rows,1500,1500,20,42,0.40,14,238.954000
OMP_Rows,1500,1500,20,42,0.40,15,238.927000
OMP_Rows,1500,1500,20,42,0.40,16,236.739000
OMP_Rows,1500,1500,20,42,0.40,17,236.243000
OMP_Rows,1500,1500,20,42,0.40,18,233.593000
OMP_Rows,1500,1500,20,42,0.40,19,236.525000
OMP_Rows,1500,1500,20,42,0.40,20,238.984000
OMP_Rows,1500,1500,20,42,0.40,21,238.104000
OMP_Rows,1500,1500,20,42,0.40,22,235.450000
OMP_Rows,1500,1500,20,42,0.40,23,237.491000
OMP_Rows,1500,1500,20,42,0.40,24,235.452000
OMP_Rows,1500,1500,20,42,0.40,AVG,236.956280
OMP_Rows,1750,1750,2,42,0.40,0,779.267000
OMP_Rows,1750,1750,2,42,0.40,1,779.236000
OMP_Rows,1750,1750,2,42,0.40,2,782.708000
OMP_Rows,1750,1750,2,42,0.40,3,776.638000
OMP_Rows,1750,1750,2,42,0.40,4,782.381000
OMP_Rows,1750,1750,2,42,0.40,5,776.831000
OMP_Rows,1750,1750,2,42,0.40,6,782.344000
OMP_Rows,1750,1750,2,42,0.40,7,776.407000
OMP_Rows,1750,1750,2,42,0.40,8,780.401000
OMP_Rows,1750,1750,2,42,0.40,9,779.042000
OMP_Rows,1750,1750,2,42,0.40,10,778.117000
OMP_Rows,1750,1750,2,42,0.40,11,781.620000
OMP_Rows,1750,1750,2,42,0.40,12,775.207000
OMP_Rows,1750,1750,2,42,0.40,13,782.929000
OMP_Rows,1750,1750,2,42,0.40,14,777.809000
OMP_Rows,1750,1750,2,42,0.40,15,780.987000
OMP_Rows,1750,1750,2,42,0.40,16,777.253000
OMP_Rows,1750,1750,2,42,0.40,17,781.520000
OMP_Rows,1750,1750,2,42,0.40,18,781.054000
OMP_Rows,1750,1750,2,42,0.40,19,776.842000
OMP_Rows,1750,1750,2,42,0.40,20,782.309000
OMP_Rows,1750,1750,2,42,0.40,21,775.592000
OMP_Rows,1750,1750,2,42,0.40,22,784.069000
OMP_Rows,1750,1750,2,42,0.40,23,781.058000
OMP_Rows,1750,1750,2,42,0.40,24,795.287000
OMP_Rows,1750,1750,2,42,0.40,AVG,779.650875
OMP_Rows,1750,1750,3,42,0.40,0,453.225000
OMP_Rows,1750,1750,3,42,0.40,1,467.567000
OMP_Rows,1750,1750,3,42,0.40,2,465.066000
OMP_Rows,1750,1750,3,42,0.40,3,456.638000
OMP_Rows,1750,1750,3,42,0.40,4,455.065000
OMP_Rows,1750,1750,3,42,0.40,5,453.811000
OMP_Rows,1750,1750,3,42,0.40,6,471.768000
OMP_Rows,1750,1750,3,42,0.40,7,451.500000
OMP_Rows,1750,1750,3,42,0.40,8,519.770000
OMP_Rows,1750,1750,3,42,0.40,9,451.727000
OMP_Rows,1750,1750,3,42,0.40,10,463.889000
OMP_Rows,1750,1750,3,42,0.40,11,451.898000
OMP_Rows,1750,1750,3,42,0.40,12,455.450000
OMP_Rows,1750,1750,3,42,0.40,13,447.739000
OMP_Rows,1750,1750,3,42,0.40,14,451.139000
OMP_Rows,1750,1750,3,42,0.40,15,451.222000
OMP_Rows,1750,1750,3,42,0.40,16,447.624000
OMP_Rows,1750,1750,3,42,0.40,17,449.890000
OMP_Rows,1750,1750,3,42,0.40,18,451.209000
OMP_Rows,1750,1750,3,42,0.40,19,447.038000
OMP_Rows,1750,1750,3,42,0.40,20,449.995000
OMP_Rows,1750,1750,3,42,0.40,21,452.829000
OMP_Rows,1750,1750,3,42,0.40,22,447.699000
OMP_Rows,1750,1750,3,42,0.40,23,449.439000
OMP_Rows,1750,1750,3,42,0.40,24,452.361000
OMP_Rows,1750,1750,3,42,0.40,AVG,451.097895
OMP_Rows,1750,1750,4,42,0.40,0,407.935000
OMP_Rows,1750,1750,4,42,0.40,1,407.786000
OMP_Rows,1750,1750,4,42,0.40,2,405.082000
OMP_Rows,1750,1750,4,42,0.40,3,406.166000
OMP_Rows,1750,1750,4,42,0.40,4,410.010000
OMP_Rows,1750,1750,4,42,0.40,5,404.876000
OMP_Rows,1750,1750,4,42,0.40,6,404.759000
OMP_Rows,1750,1750,4,42,0.40,7,409.852000
OMP_Rows,1750,1750,4,42,0.40,8,410.061000
OMP_Rows,1750,1750,4,42,0.40,9,405.069000
OMP_Rows,1750,1750,4,42,0.40,10,406.359000
OMP_Rows,1750,1750,4,42,0.40,11,410.089000
OMP_Rows,1750,1750,4,42,0.40,12,406.274000
OMP_Rows,1750,1750,4,42,0.40,13,405.798000
OMP_Rows,1750,1750,4,42,0.40,14,408.764000
OMP_Rows,1750,1750,4,42,0.40,15,407.263000
OMP_Rows,1750,1750,4,42,0.40,16,404.803000
OMP_Rows,1750,1750,4,42,0.40,17,407.675000
OMP_Rows,1750,1750,4,42,0.40,18,408.527000
OMP_Rows,1750,1750,4,42,0.40,19,404.942000
OMP_Rows,1750,1750,4,42,0.40,20,406.328000
OMP_Rows,1750,1750,4,42,0.40,21,409.194000
OMP_Rows,1750,1750,4,42,0.40,22,405.029000
OMP_Rows,1750,1750,4,42,0.40,23,405.522000
OMP_Rows,1750,1750,4,42,0.40,24,408.809000
OMP_Rows,1750,1750,4,42,0.40,AVG,407.078880
OMP_Rows,1750,1750,5,42,0.40,0,291.413000
OMP_Rows,1750,1750,5,42,0.40,1,289.507000
OMP_Rows,1750,1750,5,42,0.40,2,291.148000
OMP_Rows,1750,1750,5,42,0.40,3,294.092000
OMP_Rows,1750,1750,5,42,0.40,4,295.844000
OMP_Rows,1750,1750,5,42,0.40,5,292.206000
OMP_Rows,1750,1750,5,42,0.40,6,289.805000
OMP_Rows,1750,1750,5,42,0.40,7,292.168000
OMP_Rows,1750,1750,5,42,0.40,8,292.726000
OMP_Rows,1750,1750,5,42,0.40,9,293.276000
OMP_Rows,1750,1750,5,42,0.40,10,291.539000
OMP_Rows,1750,1750,5,42,0.40,11,291.354000
OMP_Rows,1750,1750,5,42,0.40,12,292.316000
OMP_Rows,1750,1750,5,42,0.40,13,295.254000
OMP_Rows,1750,1750,5,42,0.40,14,292.313000
OMP_Rows,1750,1750,5,42,0.40,15,291.532000
OMP_Rows,1750,1750,5,42,0.40,16,290.748000
OMP_Rows,1750,1750,5,42,0.40,17,292.618000
OMP_Rows,1750,1750,5,42,0.40,18,294.686000
OMP_Rows,1750,1750,5,42,0.40,19,291.925000
OMP_Rows,1750,1750,5,42,0.40,20,290.901000
OMP_Rows,1750,1750,5,42,0.40,21,292.367000
OMP_Rows,1750,1750,5,42,0.40,22,296.230000
OMP_Rows,1750,1750,5,42,0.40,23,294.121000
OMP_Rows,1750,1750,5,42,0.40,24,291.769000
OMP_Rows,1750,1750,5,42,0.40,AVG,291.815188
OMP_Rows,1750,1750,6,42,0.40,0,292.027000
OMP_Rows,1750,1750,6,42,0.40,1,295.175000
OMP_Rows,1750,1750,6,42,0.40,2,297.386000
OMP_Rows,1750,1750,6,42,0.40,3,295.490000
OMP_Rows,1750,1750,6,42,0.40,4,293.247000
OMP_Rows,1750,1750,6,42,0.40,5,293.531000
OMP_Rows,1750,1750,6,42,0.40,6,296.173000
OMP_Rows,1750,1750,6,42,0.40,7,297.567000
OMP_Rows,1750,1750,6,42,0.40,8,293.903000
OMP_Rows,1750,1750,6,42,0.40,9,293.081000
OMP_Rows,1750,1750,6,42,0.40,10,294.459000
OMP_Rows,1750,1750,6,42,0.40,11,297.086000
OMP_Rows,1750,1750,6,42,0.40,12,294.390000
OMP_Rows,1750,1750,6,42,0.40,13,293.307000
OMP_Rows,1750,1750,6,42,0.40,14,292.903000
OMP_Rows,1750,1750,6,42,0.40,15,295.982000
OMP_Rows,1750,1750,6,42,0.40,16,297.576000
OMP_Rows,1750,1750,6,42,0.40,17,298.449000
OMP_Rows,1750,1750,6,42,0.40,18,293.108000
OMP_Rows,1750,1750,6,42,0.40,19,294.394000
OMP_Rows,1750,1750,6,42,0.40,20,295.900000
OMP_Rows,1750,1750,6,42,0.40,21,299.783000
OMP_Rows,1750,1750,6,42,0.40,22,293.438000
OMP_Rows,1750,1750,6,42,0.40,23,292.332000
OMP_Rows,1750,1750,6,42,0.40,24,296.014000
OMP_Rows,1750,1750,6,42,0.40,AVG,294.871583
OMP_Rows,1750,1750,7,42,0.40,0,215.725000
OMP_Rows,1750,1750,7,42,0.40,1,216.647000
OMP_Rows,1750,1750,7,42,0.40,2,234.865000
OMP_Rows,1750,1750,7,42,0.40,3,226.283000
OMP_Rows,1750,1750,7,42,0.40,4,216.175000
OMP_Rows,1750,1750,7,42,0.40,5,215.987000
OMP_Rows,1750,1750,7,42,0.40,6,222.621000
OMP_Rows,1750,1750,7,42,0.40,7,218.298000
OMP_Rows,1750,1750,7,42,0.40,8,240.948000
OMP_Rows,1750,1750,7,42,0.40,9,224.246000
OMP_Rows,1750,1750,7,42,0.40,10,214.982000
OMP_Rows,1750,1750,7,42,0.40,11,215.929000
OMP_Rows,1750,1750,7,42,0.40,12,217.936000
OMP_Rows,1750,1750,7,42,0.40,13,220.015000
OMP_Rows,1750,1750,7,42,0.40,14,233.392000
OMP_Rows,1750,1750,7,42,0.40,15,222.270000
OMP_Rows,1750,1750,7,42,0.40,16,215.823000
OMP_Rows,1750,1750,7,42,0.40,17,215.671000
OMP_Rows,1750,1750,7,42,0.40,18,223.351000
OMP_Rows,1750,1750,7,42,0.40,19,235.333000
OMP_Rows,1750,1750,7,42,0.40,20,235.563000
OMP_Rows,1750,1750,7,42,0.40,21,221.505000
OMP_Rows,1750,1750,7,42,0.40,22,216.011000
OMP_Rows,1750,1750,7,42,0.40,23,215.881000
OMP_Rows,1750,1750,7,42,0.40,24,218.354000
OMP_Rows,1750,1750,7,42,0.40,AVG,217.954500
OMP_Rows,1750,1750,8,42,0.40,0,225.597000
OMP_Rows,1750,1750,8,42,0.40,1,227.492000
OMP_Rows,1750,1750,8,42,0.40,2,232.280000
OMP_Rows,1750,1750,8,42,0.40,3,224.634000
OMP_Rows,1750,1750,8,42,0.40,4,223.889000
OMP_Rows,1750,1750,8,42,0.40,5,220.136000
OMP_Rows,1750,1750,8,42,0.40,6,224.067000
OMP_Rows,1750,1750,8,42,0.40,7,229.734000
OMP_Rows,1750,1750,8,42,0.40,8,232.769000
OMP_Rows,1750,1750,8,42,0.40,9,223.816000
OMP_Rows,1750,1750,8,42,0.40,10,225.229000
OMP_Rows,1750,1750,8,42,0.40,11,222.874000
OMP_Rows,1750,1750,8,42,0.40,12,223.211000
OMP_Rows,1750,1750,8,42,0.40,13,226.351000
OMP_Rows,1750,1750,8,42,0.40,14,228.738000
OMP_Rows,1750,1750,8,42,0.40,15,226.048000
OMP_Rows,1750,1750,8,42,0.40,16,226.981000
OMP_Rows,1750,1750,8,42,0.40,17,219.486000
OMP_Rows,1750,1750,8,42,0.40,18,222.241000
OMP_Rows,1750,1750,8,42,0.40,19,224.715000
OMP_Rows,1750,1750,8,42,0.40,20,228.524000
OMP_Rows,1750,1750,8,42,0.40,21,227.356000
OMP_Rows,1750,1750,8,42,0.40,22,222.209000
OMP_Rows,1750,1750,8,42,0.40,23,224.742000
OMP_Rows,1750,1750,8,42,0.40,24,241.189000
OMP_Rows,1750,1750,8,42,0.40,AVG,225.195474
OMP_Rows,1750,1750,12,42,0.40,0,233.447000
OMP_Rows,1750,1750,12,42,0.40,1,237.639000
OMP_Rows,1750,1750,12,42,0.40,2,249.594000
OMP_Rows,1750,1750,12,42,0.40,3,234.769000
OMP_Rows,1750,1750,12,42,0.40,4,234.404000
OMP_Rows,1750,1750,12,42,0.40,5,229.997000
OMP_Rows,1750,1750,12,42,0.40,6,235.800000
OMP_Rows,1750,1750,12,42,0.40,7,240.575000
OMP_Rows,1750,1750,12,42,0.40,8,241.958000
OMP_Rows,1750,1750,12,42,0.40,9,235.163000
OMP_Rows,1750,1750,12,42,0.40,10,236.544000
OMP_Rows,1750,1750,12,42,0.40,11,231.029000
OMP_Rows,1750,1750,12,42,0.40,12,239.587000
OMP_Rows,1750,1750,12,42,0.40,13,241.487000
OMP_Rows,1750,1750,12,42,0.40,14,238.953000
OMP_Rows,1750,1750,12,42,0.40,15,235.656000
OMP_Rows,1750,1750,12,42,0.40,16,234.475000
OMP_Rows,1750,1750,12,42,0.40,17,232.907000
OMP_Rows,1750,1750,12,42,0.40,18,238.778000
OMP_Rows,1750,1750,12,42,0.40,19,240.160000
OMP_Rows,1750,1750,12,42,0.40,20,236.271000
OMP_Rows,1750,1750,12,42,0.40,21,237.979000
OMP_Rows,1750,1750,12,42,0.40,22,232.082000
OMP_Rows,1750,1750,12,42,0.40,23,240.569000
OMP_Rows,1750,1750,12,42,0.40,24,237.326000
OMP_Rows,1750,1750,12,42,0.40,AVG,236.850348
OMP_Rows,1750,1750,16,42,0.40,0,242.647000
OMP_Rows,1750,1750,16,42,0.40,1,244.382000
OMP_Rows,1750,1750,16,42,0.40,2,241.720000
OMP_Rows,1750,1750,16,42,0.40,3,247.019000
OMP_Rows,1750,1750,16,42,0.40,4,241.847000
OMP_Rows,1750,1750,16,42,0.40,5,242.864000
OMP_Rows,1750,1750,16,42,0.40,6,243.452000
OMP_Rows,1750,1750,16,42,0.40,7,244.239000
OMP_Rows,1750,1750,16,42,0.40,8,245.430000
OMP_Rows,1750,1750,16,42,0.40,9,244.221000
OMP_Rows,1750,1750,16,42,0.40,10,243.805000
OMP_Rows,1750,1750,16,42,0.40,11,245.460000
OMP_Rows,1750,1750,16,42,0.40,12,244.536000
OMP_Rows,1750,1750,16,42,0.40,13,247.336000
OMP_Rows,1750,1750,16,42,0.40,14,252.982000
OMP_Rows,1750,1750,16,42,0.40,15,242.821000
OMP_Rows,1750,1750,16,42,0.40,16,244.179000
OMP_Rows,1750,1750,16,42,0.40,17,243.420000
OMP_Rows,1750,1750,16,42,0.40,18,248.453000
OMP_Rows,1750,1750,16,42,0.40,19,244.345000
OMP_Rows,1750,1750,16,42,0.40,20,242.145000
OMP_Rows,1750,1750,16,42,0.40,21,241.238000
OMP_Rows,1750,1750,16,42,0.40,22,246.104000
OMP_Rows,1750,1750,16,42,0.40,23,243.555000
OMP_Rows,1750,1750,16,42,0.40,24,241.868000
OMP_Rows,1750,1750,16,42,0.40,AVG,243.537048
OMP_Rows,1750,1750,20,42,0.40,0,258.648000
OMP_Rows,1750,1750,20,42,0.40,1,260.669000
OMP_Rows,1750,1750,20,42,0.40,2,258.477000
OMP_Rows,1750,1750,20,42,0.40,3,261.377000
OMP_Rows,1750,1750,20,42,0.40,4,263.772000
OMP_Rows,1750,1750,20,42,0.40,5,260.450000
OMP_Rows,1750,1750,20,42,0.40,6,261.062000
OMP_Rows,1750,1750,20,42,0.40,7,258.548000
OMP_Rows,1750,1750,20,42,0.40,8,260.916000
OMP_Rows,1750,1750,20,42,0.40,9,260.752000
OMP_Rows,1750,1750,20,42,0.40,10,261.946000
OMP_Rows,1750,1750,20,42,0.40,11,260.027000
OMP_Rows,1750,1750,20,42,0.40,12,258.175000
OMP_Rows,1750,1750,20,42,0.40,13,259.839000
OMP_Rows,1750,1750,20,42,0.40,14,261.720000
OMP_Rows,1750,1750,20,42,0.40,15,262.313000
OMP_Rows,1750,1750,20,42,0.40,16,260.806000
OMP_Rows,1750,1750,20,42,0.40,17,260.325000
OMP_Rows,1750,1750,20,42,0.40,18,258.752000
OMP_Rows,1750,1750,20,42,0.40,19,260.431000
OMP_Rows,1750,1750,20,42,0.40,20,262.699000
OMP_Rows,1750,1750,20,42,0.40,21,259.695000
OMP_Rows,1750,1750,20,42,0.40,22,261.350000
OMP_Rows,1750,1750,20,42,0.40,23,259.376000
OMP_Rows,1750,1750,20,42,0.40,24,262.100000
OMP_Rows,1750,1750,20,42,0.40,AVG,260.435542
OMP_Rows,2000,2000,2,42,0.40,0,993.097000
OMP_Rows,2000,2000,2,42,0.40,1,988.725000
OMP_Rows,2000,2000,2,42,0.40,2,991.597000
OMP_Rows,2000,2000,2,42,0.40,3,993.384000
OMP_Rows,2000,2000,2,42,0.40,4,988.026000
OMP_Rows,2000,2000,2,42,0.40,5,988.490000
OMP_Rows,2000,2000,2,42,0.40,6,992.646000
OMP_Rows,2000,2000,2,42,0.40,7,990.029000
OMP_Rows,2000,2000,2,42,0.40,8,985.884000
OMP_Rows,2000,2000,2,42,0.40,9,989.472000
OMP_Rows,2000,2000,2,42,0.40,10,992.580000
OMP_Rows,2000,2000,2,42,0.40,11,986.659000
OMP_Rows,2000,2000,2,42,0.40,12,988.541000
OMP_Rows,2000,2000,2,42,0.40,13,992.765000
OMP_Rows,2000,2000,2,42,0.40,14,990.376000
OMP_Rows,2000,2000,2,42,0.40,15,986.271000
OMP_Rows,2000,2000,2,42,0.40,16,989.811000
OMP_Rows,2000,2000,2,42,0.40,17,991.729000
OMP_Rows,2000,2000,2,42,0.40,18,985.861000
OMP_Rows,2000,2000,2,42,0.40,19,989.658000
OMP_Rows,2000,2000,2,42,0.40,20,993.042000
OMP_Rows,2000,2000,2,42,0.40,21,988.557000
OMP_Rows,2000,2000,2,42,0.40,22,984.426000
OMP_Rows,2000,2000,2,42,0.40,23,990.128000
OMP_Rows,2000,2000,2,42,0.40,24,989.171000
OMP_Rows,2000,2000,2,42,0.40,AVG,989.854125
OMP_Rows,2000,2000,3,42,0.40,0,622.569000
OMP_Rows,2000,2000,3,42,0.40,1,624.172000
OMP_Rows,2000,2000,3,42,0.40,2,619.728000
OMP_Rows,2000,2000,3,42,0.40,3,626.202000
OMP_Rows,2000,2000,3,42,0.40,4,620.140000
OMP_Rows,2000,2000,3,42,0.40,5,624.690000
OMP_Rows,2000,2000,3,42,0.40,6,620.414000
OMP_Rows,2000,2000,3,42,0.40,7,622.161000
OMP_Rows,2000,2000,3,42,0.40,8,624.189000
OMP_Rows,2000,2000,3,42,0.40,9,620.383000
OMP_Rows,2000,2000,3,42,0.40,10,625.021000
OMP_Rows,2000,2000,3,42,0.40,11,620.504000
OMP_Rows,2000,2000,3,42,0.40,12,625.320000
OMP_Rows,2000,2000,3,42,0.40,13,620.350000
OMP_Rows,2000,2000,3,42,0.40,14,624.799000
OMP_Rows,2000,2000,3,42,0.40,15,620.989000
OMP_Rows,2000,2000,3,42,0.40,16,621.771000
OMP_Rows,2000,2000,3,42,0.40,17,622.107000
OMP_Rows,2000,2000,3,42,0.40,18,621.592000
OMP_Rows,2000,2000,3,42,0.40,19,627.811000
OMP_Rows,2000,2000,3,42,0.40,20,620.200000
OMP_Rows,2000,2000,3,42,0.40,21,624.604000
OMP_Rows,2000,2000,3,42,0.40,22,620.162000
OMP_Rows,2000,2000,3,42,0.40,23,624.422000
OMP_Rows,2000,2000,3,42,0.40,24,621.309000
OMP_Rows,2000,2000,3,42,0.40,AVG,622.408250
OMP_Rows,2000,2000,4,42,0.40,0,428.648000
OMP_Rows,2000,2000,4,42,0.40,1,428.242000
OMP_Rows,2000,2000,4,42,0.40,2,433.923000
OMP_Rows,2000,2000,4,42,0.40,3,428.669000
OMP_Rows,2000,2000,4,42,0.40,4,427.215000
OMP_Rows,2000,2000,4,42,0.40,5,433.779000
OMP_Rows,2000,2000,4,42,0.40,6,432.898000
OMP_Rows,2000,2000,4,42,0.40,7,447.908000
OMP_Rows,2000,2000,4,42,0.40,8,458.604000
OMP_Rows,2000,2000,4,42,0.40,9,461.937000
OMP_Rows,2000,2000,4,42,0.40,10,452.587000
OMP_Rows,2000,2000,4,42,0.40,11,430.685000
OMP_Rows,2000,2000,4,42,0.40,12,463.228000
OMP_Rows,2000,2000,4,42,0.40,13,427.539000
OMP_Rows,2000,2000,4,42,0.40,14,459.648000
OMP_Rows,2000,2000,4,42,0.40,15,434.495000
OMP_Rows,2000,2000,4,42,0.40,16,428.855000
OMP_Rows,2000,2000,4,42,0.40,17,454.249000
OMP_Rows,2000,2000,4,42,0.40,18,433.430000
OMP_Rows,2000,2000,4,42,0.40,19,428.154000
OMP_Rows,2000,2000,4,42,0.40,20,431.282000
OMP_Rows,2000,2000,4,42,0.40,21,435.524000
OMP_Rows,2000,2000,4,42,0.40,22,427.351000
OMP_Rows,2000,2000,4,42,0.40,23,429.865000
OMP_Rows,2000,2000,4,42,0.40,24,433.667000
OMP_Rows,2000,2000,4,42,0.40,AVG,430.790056
OMP_Rows,2000,2000,5,42,0.40,0,387.613000
OMP_Rows,2000,2000,5,42,0.40,1,391.640000
OMP_Rows,2000,2000,5,42,0.40,2,387.836000
OMP_Rows,2000,2000,5,42,0.40,3,390.762000
OMP_Rows,2000,2000,5,42,0.40,4,390.758000
OMP_Rows,2000,2000,5,42,0.40,5,391.782000
OMP_Rows,2000,2000,5,42,0.40,6,385.735000
OMP_Rows,2000,2000,5,42,0.40,7,386.487000
OMP_Rows,2000,2000,5,42,0.40,8,391.512000
OMP_Rows,2000,2000,5,42,0.40,9,390.055000
OMP_Rows,2000,2000,5,42,0.40,10,387.195000
OMP_Rows,2000,2000,5,42,0.40,11,387.570000
OMP_Rows,2000,2000,5,42,0.40,12,391.879000
OMP_Rows,2000,2000,5,42,0.40,13,387.407000
OMP_Rows,2000,2000,5,42,0.40,14,386.179000
OMP_Rows,2000,2000,5,42,0.40,15,390.361000
OMP_Rows,2000,2000,5,42,0.40,16,392.723000
OMP_Rows,2000,2000,5,42,0.40,17,386.092000
OMP_Rows,2000,2000,5,42,0.40,18,387.597000
OMP_Rows,2000,2000,5,42,0.40,19,393.066000
OMP_Rows,2000,2000,5,42,0.40,20,388.318000
OMP_Rows,2000,2000,5,42,0.40,21,386.703000
OMP_Rows,2000,2000,5,42,0.40,22,388.900000
OMP_Rows,2000,2000,5,42,0.40,23,390.520000
OMP_Rows,2000,2000,5,42,0.40,24,386.868000
OMP_Rows,2000,2000,5,42,0.40,AVG,389.022320
OMP_Rows,2000,2000,6,42,0.40,0,337.851000
OMP_Rows,2000,2000,6,42,0.40,1,337.941000
OMP_Rows,2000,2000,6,42,0.40,2,335.840000
OMP_Rows,2000,2000,6,42,0.40,3,333.627000
OMP_Rows,2000,2000,6,42,0.40,4,339.150000
OMP_Rows,2000,2000,6,42,0.40,5,338.622000
OMP_Rows,2000,2000,6,42,0.40,6,332.489000
OMP_Rows,2000,2000,6,42,0.40,7,334.510000
OMP_Rows,2000,2000,6,42,0.40,8,338.000000
OMP_Rows,2000,2000,6,42,0.40,9,337.158000
OMP_Rows,2000,2000,6,42,0.40,10,333.926000
OMP_Rows,2000,2000,6,42,0.40,11,333.628000
OMP_Rows,2000,2000,6,42,0.40,12,335.980000
OMP_Rows,2000,2000,6,42,0.40,13,346.020000
OMP_Rows,2000,2000,6,42,0.40,14,337.374000
OMP_Rows,2000,2000,6,42,0.40,15,334.576000
OMP_Rows,2000,2000,6,42,0.40,16,336.043000
OMP_Rows,2000,2000,6,42,0.40,17,342.289000
OMP_Rows,2000,2000,6,42,0.40,18,334.628000
OMP_Rows,2000,2000,6,42,0.40,19,334.703000
OMP_Rows,2000,2000,6,42,0.40,20,335.021000
OMP_Rows,2000,2000,6,42,0.40,21,341.199000
OMP_Rows,2000,2000,6,42,0.40,22,334.937000
OMP_Rows,2000,2000,6,42,0.40,23,332.483000
OMP_Rows,2000,2000,6,42,0.40,24,335.351000
OMP_Rows,2000,2000,6,42,0.40,AVG,335.629000
OMP_Rows,2000,2000,7,42,0.40,0,340.145000
OMP_Rows,2000,2000,7,42,0.40,1,337.847000
OMP_Rows,2000,2000,7,42,0.40,2,340.766000
OMP_Rows,2000,2000,7,42,0.40,3,346.029000
OMP_Rows,2000,2000,7,42,0.40,4,343.232000
OMP_Rows,2000,2000,7,42,0.40,5,337.011000
OMP_Rows,2000,2000,7,42,0.40,6,340.542000
OMP_Rows,2000,2000,7,42,0.40,7,346.844000
OMP_Rows,2000,2000,7,42,0.40,8,342.647000
OMP_Rows,2000,2000,7,42,0.40,9,337.557000
OMP_Rows,2000,2000,7,42,0.40,10,340.295000
OMP_Rows,2000,2000,7,42,0.40,11,348.350000
OMP_Rows,2000,2000,7,42,0.40,12,342.403000
OMP_Rows,2000,2000,7,42,0.40,13,345.711000
OMP_Rows,2000,2000,7,42,0.40,14,356.942000
OMP_Rows,2000,2000,7,42,0.40,15,349.231000
OMP_Rows,2000,2000,7,42,0.40,16,345.506000
OMP_Rows,2000,2000,7,42,0.40,17,338.255000
OMP_Rows,2000,2000,7,42,0.40,18,342.894000
OMP_Rows,2000,2000,7,42,0.40,19,349.623000
OMP_Rows,2000,2000,7,42,0.40,20,344.731000
OMP_Rows,2000,2000,7,42,0.40,21,338.279000
OMP_Rows,2000,2000,7,42,0.40,22,339.985000
OMP_Rows,2000,2000,7,42,0.40,23,348.930000
OMP_Rows,2000,2000,7,42,0.40,24,341.275000
OMP_Rows,2000,2000,7,42,0.40,AVG,342.837000
OMP_Rows,2000,2000,8,42,0.40,0,266.918000
OMP_Rows,2000,2000,8,42,0.40,1,377.648000
OMP_Rows,2000,2000,8,42,0.40,2,316.533000
OMP_Rows,2000,2000,8,42,0.40,3,296.481000
OMP_Rows,2000,2000,8,42,0.40,4,247.551000
OMP_Rows,2000,2000,8,42,0.40,5,335.585000
OMP_Rows,2000,2000,8,42,0.40,6,369.473000
OMP_Rows,2000,2000,8,42,0.40,7,269.319000
OMP_Rows,2000,2000,8,42,0.40,8,282.920000
OMP_Rows,2000,2000,8,42,0.40,9,271.564000
OMP_Rows,2000,2000,8,42,0.40,10,364.642000
OMP_Rows,2000,2000,8,42,0.40,11,312.787000
OMP_Rows,2000,2000,8,42,0.40,12,297.948000
OMP_Rows,2000,2000,8,42,0.40,13,257.458000
OMP_Rows,2000,2000,8,42,0.40,14,360.059000
OMP_Rows,2000,2000,8,42,0.40,15,359.427000
OMP_Rows,2000,2000,8,42,0.40,16,285.755000
OMP_Rows,2000,2000,8,42,0.40,17,261.871000
OMP_Rows,2000,2000,8,42,0.40,18,292.728000
OMP_Rows,2000,2000,8,42,0.40,19,367.719000
OMP_Rows,2000,2000,8,42,0.40,20,313.233000
OMP_Rows,2000,2000,8,42,0.40,21,280.691000
OMP_Rows,2000,2000,8,42,0.40,22,247.542000
OMP_Rows,2000,2000,8,42,0.40,23,368.483000
OMP_Rows,2000,2000,8,42,0.40,24,344.841000
OMP_Rows,2000,2000,8,42,0.40,AVG,309.967040
OMP_Rows,2000,2000,12,42,0.40,0,267.805000
OMP_Rows,2000,2000,12,42,0.40,1,285.400000
OMP_Rows,2000,2000,12,42,0.40,2,279.009000
OMP_Rows,2000,2000,12,42,0.40,3,291.943000
OMP_Rows,2000,2000,12,42,0.40,4,287.088000
OMP_Rows,2000,2000,12,42,0.40,5,285.915000
OMP_Rows,2000,2000,12,42,0.40,6,267.241000
OMP_Rows,2000,2000,12,42,0.40,7,283.223000
OMP_Rows,2000,2000,12,42,0.40,8,289.582000
OMP_Rows,2000,2000,12,42,0.40,9,286.893000
OMP_Rows,2000,2000,12,42,0.40,10,275.097000
OMP_Rows,2000,2000,12,42,0.40,11,288.917000
OMP_Rows,2000,2000,12,42,0.40,12,299.094000
OMP_Rows,2000,2000,12,42,0.40,13,284.640000
OMP_Rows,2000,2000,12,42,0.40,14,281.727000
OMP_Rows,2000,2000,12,42,0.40,15,269.833000
OMP_Rows,2000,2000,12,42,0.40,16,284.815000
OMP_Rows,2000,2000,12,42,0.40,17,295.166000
OMP_Rows,2000,2000,12,42,0.40,18,288.266000
OMP_Rows,2000,2000,12,42,0.40,19,280.181000
OMP_Rows,2000,2000,12,42,0.40,20,273.847000
OMP_Rows,2000,2000,12,42,0.40,21,294.614000
OMP_Rows,2000,2000,12,42,0.40,22,299.145000
OMP_Rows,2000,2000,12,42,0.40,23,275.485000
OMP_Rows,2000,2000,12,42,0.40,24,278.061000
OMP_Rows,2000,2000,12,42,0.40,AVG,283.719480
OMP_Rows,2000,2000,16,42,0.40,0,268.670000
OMP_Rows,2000,2000,16,42,0.40,1,281.715000
OMP_Rows,2000,2000,16,42,0.40,2,308.170000
OMP_Rows,2000,2000,16,42,0.40,3,278.783000
OMP_Rows,2000,2000,16,42,0.40,4,279.609000
OMP_Rows,2000,2000,16,42,0.40,5,275.127000
OMP_Rows,2000,2000,16,42,0.40,6,296.486000
OMP_Rows,2000,2000,16,42,0.40,7,299.428000
OMP_Rows,2000,2000,16,42,0.40,8,281.688000
OMP_Rows,2000,2000,16,42,0.40,9,276.531000
OMP_Rows,2000,2000,16,42,0.40,10,276.127000
OMP_Rows,2000,2000,16,42,0.40,11,293.210000
OMP_Rows,2000,2000,16,42,0.40,12,292.916000
OMP_Rows,2000,2000,16,42,0.40,13,290.225000
OMP_Rows,2000,2000,16,42,0.40,14,266.348000
OMP_Rows,2000,2000,16,42,0.40,15,276.299000
OMP_Rows,2000,2000,16,42,0.40,16,289.143000
OMP_Rows,2000,2000,16,42,0.40,17,295.836000
OMP_Rows,2000,2000,16,42,0.40,18,280.821000
OMP_Rows,2000,2000,16,42,0.40,19,266.933000
OMP_Rows,2000,2000,16,42,0.40,20,282.699000
OMP_Rows,2000,2000,16,42,0.40,21,314.178000
OMP_Rows,2000,2000,16,42,0.40,22,298.377000
OMP_Rows,2000,2000,16,42,0.40,23,296.161000
OMP_Rows,2000,2000,16,42,0.40,24,279.852000
OMP_Rows,2000,2000,16,42,0.40,AVG,283.608000
OMP_Rows,2000,2000,20,42,0.40,0,319.606000
OMP_Rows,2000,2000,20,42,0.40,1,312.444000
OMP_Rows,2000,2000,20,42,0.40,2,304.445000
OMP_Rows,2000,2000,20,42,0.40,3,293.743000
OMP_Rows,2000,2000,20,42,0.40,4,308.985000
OMP_Rows,2000,2000,20,42,0.40,5,324.433000
OMP_Rows,2000,2000,20,42,0.40,6,313.574000
OMP_Rows,2000,2000,20,42,0.40,7,287.490000
OMP_Rows,2000,2000,20,42,0.40,8,297.018000
OMP_Rows,2000,2000,20,42,0.40,9,315.042000
OMP_Rows,2000,2000,20,42,0.40,10,313.819000
OMP_Rows,2000,2000,20,42,0.40,11,299.502000
OMP_Rows,2000,2000,20,42,0.40,12,289.976000
OMP_Rows,2000,2000,20,42,0.40,13,302.614000
OMP_Rows,2000,2000,20,42,0.40,14,317.553000
OMP_Rows,2000,2000,20,42,0.40,15,307.339000
OMP_Rows,2000,2000,20,42,0.40,16,284.614000
OMP_Rows,2000,2000,20,42,0.40,17,296.659000
OMP_Rows,2000,2000,20,42,0.40,18,312.258000
OMP_Rows,2000,2000,20,42,0.40,19,308.253000
OMP_Rows,2000,2000,20,42,0.40,20,297.798000
OMP_Rows,2000,2000,20,42,0.40,21,288.179000
OMP_Rows,2000,2000,20,42,0.40,22,301.969000
OMP_Rows,2000,2000,20,42,0.40,23,321.481000
OMP_Rows,2000,2000,20,42,0.40,24,294.624000
OMP_Rows,2000,2000,20,42,0.40,AVG,304.536720
OMP_Rows,2250,2250,2,42,0.40,0,1214.153000
OMP_Rows,2250,2250,2,42,0.40,1,1216.980000
OMP_Rows,2250,2250,2,42,0.40,2,1217.378000
OMP_Rows,2250,2250,2,42,0.40,3,1214.715000
OMP_Rows,2250,2250,2,42,0.40,4,1212.924000
OMP_Rows,2250,2250,2,42,0.40,5,1209.828000
OMP_Rows,2250,2250,2,42,0.40,6,1212.985000
OMP_Rows,2250,2250,2,42,0.40,7,1214.813000
OMP_Rows,2250,2250,2,42,0.40,8,1214.398000
OMP_Rows,2250,2250,2,42,0.40,9,1217.384000
OMP_Rows,2250,2250,2,42,0.40,10,1213.527000
OMP_Rows,2250,2250,2,42,0.40,11,1219.431000
OMP_Rows,2250,2250,2,42,0.40,12,1221.811000
OMP_Rows,2250,2250,2,42,0.40,13,1209.580000
OMP_Rows,2250,2250,2,42,0.40,14,1213.926000
OMP_Rows,2250,2250,2,42,0.40,15,1213.723000
OMP_Rows,2250,2250,2,42,0.40,16,1214.433000
OMP_Rows,2250,2250,2,42,0.40,17,1215.015000
OMP_Rows,2250,2250,2,42,0.40,18,1237.514000
OMP_Rows,2250,2250,2,42,0.40,19,1447.418000
OMP_Rows,2250,2250,2,42,0.40,20,1464.725000
OMP_Rows,2250,2250,2,42,0.40,21,1610.950000
OMP_Rows,2250,2250,2,42,0.40,22,1473.276000
OMP_Rows,2250,2250,2,42,0.40,23,1257.156000
OMP_Rows,2250,2250,2,42,0.40,24,1221.067000
OMP_Rows,2250,2250,2,42,0.40,AVG,1214.423118
OMP_Rows,2250,2250,3,42,0.40,0,811.510000
OMP_Rows,2250,2250,3,42,0.40,1,825.188000
OMP_Rows,2250,2250,3,42,0.40,2,804.923000
OMP_Rows,2250,2250,3,42,0.40,3,804.858000
OMP_Rows,2250,2250,3,42,0.40,4,804.472000
OMP_Rows,2250,2250,3,42,0.40,5,805.096000
OMP_Rows,2250,2250,3,42,0.40,6,820.618000
OMP_Rows,2250,2250,3,42,0.40,7,820.568000
OMP_Rows,2250,2250,3,42,0.40,8,840.683000
OMP_Rows,2250,2250,3,42,0.40,9,818.840000
OMP_Rows,2250,2250,3,42,0.40,10,805.186000
OMP_Rows,2250,2250,3,42,0.40,11,810.851000
OMP_Rows,2250,2250,3,42,0.40,12,823.442000
OMP_Rows,2250,2250,3,42,0.40,13,805.405000
OMP_Rows,2250,2250,3,42,0.40,14,800.649000
OMP_Rows,2250,2250,3,42,0.40,15,810.379000
OMP_Rows,2250,2250,3,42,0.40,16,833.253000
OMP_Rows,2250,2250,3,42,0.40,17,846.479000
OMP_Rows,2250,2250,3,42,0.40,18,835.235000
OMP_Rows,2250,2250,3,42,0.40,19,813.582000
OMP_Rows,2250,2250,3,42,0.40,20,830.255000
OMP_Rows,2250,2250,3,42,0.40,21,825.808000
OMP_Rows,2250,2250,3,42,0.40,22,799.911000
OMP_Rows,2250,2250,3,42,0.40,23,805.376000
OMP_Rows,2250,2250,3,42,0.40,24,800.291000
OMP_Rows,2250,2250,3,42,0.40,AVG,813.725913
OMP_Rows,2250,2250,4,42,0.40,0,591.453000
OMP_Rows,2250,2250,4,42,0.40,1,586.682000
OMP_Rows,2250,2250,4,42,0.40,2,591.355000
OMP_Rows,2250,2250,4,42,0.40,3,584.792000
OMP_Rows,2250,2250,4,42,0.40,4,591.954000
OMP_Rows,2250,2250,4,42,0.40,5,588.425000
OMP_Rows,2250,2250,4,42,0.40,6,586.220000
OMP_Rows,2250,2250,4,42,0.40,7,593.974000
OMP_Rows,2250,2250,4,42,0.40,8,585.232000
OMP_Rows,2250,2250,4,42,0.40,9,593.045000
OMP_Rows,2250,2250,4,42,0.40,10,584.191000
OMP_Rows,2250,2250,4,42,0.40,11,590.924000
OMP_Rows,2250,2250,4,42,0.40,12,587.193000
OMP_Rows,2250,2250,4,42,0.40,13,588.304000
OMP_Rows,2250,2250,4,42,0.40,14,592.263000
OMP_Rows,2250,2250,4,42,0.40,15,585.237000
OMP_Rows,2250,2250,4,42,0.40,16,593.057000
OMP_Rows,2250,2250,4,42,0.40,17,584.985000
OMP_Rows,2250,2250,4,42,0.40,18,590.229000
OMP_Rows,2250,2250,4,42,0.40,19,587.563000
OMP_Rows,2250,2250,4,42,0.40,20,587.511000
OMP_Rows,2250,2250,4,42,0.40,21,589.708000
OMP_Rows,2250,2250,4,42,0.40,22,585.814000
OMP_Rows,2250,2250,4,42,0.40,23,591.640000
OMP_Rows,2250,2250,4,42,0.40,24,587.622000
OMP_Rows,2250,2250,4,42,0.40,AVG,588.774920
OMP_Rows,2250,2250,5,42,0.40,0,531.802000
OMP_Rows,2250,2250,5,42,0.40,1,527.226000
OMP_Rows,2250,2250,5,42,0.40,2,528.531000
OMP_Rows,2250,2250,5,42,0.40,3,533.366000
OMP_Rows,2250,2250,5,42,0.40,4,527.901000
OMP_Rows,2250,2250,5,42,0.40,5,532.134000
OMP_Rows,2250,2250,5,42,0.40,6,532.680000
OMP_Rows,2250,2250,5,42,0.40,7,528.510000
OMP_Rows,2250,2250,5,42,0.40,8,533.608000
OMP_Rows,2250,2250,5,42,0.40,9,526.259000
OMP_Rows,2250,2250,5,42,0.40,10,529.485000
OMP_Rows,2250,2250,5,42,0.40,11,532.047000
OMP_Rows,2250,2250,5,42,0.40,12,528.360000
OMP_Rows,2250,2250,5,42,0.40,13,533.369000
OMP_Rows,2250,2250,5,42,0.40,14,529.035000
OMP_Rows,2250,2250,5,42,0.40,15,532.127000
OMP_Rows,2250,2250,5,42,0.40,16,533.603000
OMP_Rows,2250,2250,5,42,0.40,17,527.432000
OMP_Rows,2250,2250,5,42,0.40,18,530.848000
OMP_Rows,2250,2250,5,42,0.40,19,546.210000
OMP_Rows,2250,2250,5,42,0.40,20,540.570000
OMP_Rows,2250,2250,5,42,0.40,21,537.862000
OMP_Rows,2250,2250,5,42,0.40,22,527.631000
OMP_Rows,2250,2250,5,42,0.40,23,531.243000
OMP_Rows,2250,2250,5,42,0.40,24,532.508000
OMP_Rows,2250,2250,5,42,0.40,AVG,530.441136
OMP_Rows,2250,2250,6,42,0.40,0,387.937000
OMP_Rows,2250,2250,6,42,0.40,1,381.388000
OMP_Rows,2250,2250,6,42,0.40,2,379.927000
OMP_Rows,2250,2250,6,42,0.40,3,379.890000
OMP_Rows,2250,2250,6,42,0.40,4,399.103000
OMP_Rows,2250,2250,6,42,0.40,5,378.521000
OMP_Rows,2250,2250,6,42,0.40,6,377.364000
OMP_Rows,2250,2250,6,42,0.40,7,372.627000
OMP_Rows,2250,2250,6,42,0.40,8,440.274000
OMP_Rows,2250,2250,6,42,0.40,9,416.526000
OMP_Rows,2250,2250,6,42,0.40,10,420.854000
OMP_Rows,2250,2250,6,42,0.40,11,413.649000
OMP_Rows,2250,2250,6,42,0.40,12,395.980000
OMP_Rows,2250,2250,6,42,0.40,13,416.506000
OMP_Rows,2250,2250,6,42,0.40,14,376.659000
OMP_Rows,2250,2250,6,42,0.40,15,416.474000
OMP_Rows,2250,2250,6,42,0.40,16,400.466000
OMP_Rows,2250,2250,6,42,0.40,17,375.296000
OMP_Rows,2250,2250,6,42,0.40,18,449.907000
OMP_Rows,2250,2250,6,42,0.40,19,386.782000
OMP_Rows,2250,2250,6,42,0.40,20,377.882000
OMP_Rows,2250,2250,6,42,0.40,21,384.659000
OMP_Rows,2250,2250,6,42,0.40,22,396.212000
OMP_Rows,2250,2250,6,42,0.40,23,375.130000
OMP_Rows,2250,2250,6,42,0.40,24,379.177000
OMP_Rows,2250,2250,6,42,0.40,AVG,390.826478
OMP_Rows,2250,2250,7,42,0.40,0,383.225000
OMP_Rows,2250,2250,7,42,0.40,1,380.284000
OMP_Rows,2250,2250,7,42,0.40,2,380.619000
OMP_Rows,2250,2250,7,42,0.40,3,394.703000
OMP_Rows,2250,2250,7,42,0.40,4,377.572000
OMP_Rows,2250,2250,7,42,0.40,5,392.535000
OMP_Rows,2250,2250,7,42,0.40,6,388.945000
OMP_Rows,2250,2250,7,42,0.40,7,382.314000
OMP_Rows,2250,2250,7,42,0.40,8,378.232000
OMP_Rows,2250,2250,7,42,0.40,9,381.119000
OMP_Rows,2250,2250,7,42,0.40,10,396.285000
OMP_Rows,2250,2250,7,42,0.40,11,376.773000
OMP_Rows,2250,2250,7,42,0.40,12,379.305000
OMP_Rows,2250,2250,7,42,0.40,13,390.047000
OMP_Rows,2250,2250,7,42,0.40,14,384.549000
OMP_Rows,2250,2250,7,42,0.40,15,378.181000
OMP_Rows,2250,2250,7,42,0.40,16,380.260000
OMP_Rows,2250,2250,7,42,0.40,17,391.572000
OMP_Rows,2250,2250,7,42,0.40,18,392.369000
OMP_Rows,2250,2250,7,42,0.40,19,376.885000
OMP_Rows,2250,2250,7,42,0.40,20,383.488000
OMP_Rows,2250,2250,7,42,0.40,21,393.041000
OMP_Rows,2250,2250,7,42,0.40,22,378.872000
OMP_Rows,2250,2250,7,42,0.40,23,380.763000
OMP_Rows,2250,2250,7,42,0.40,24,416.010000
OMP_Rows,2250,2250,7,42,0.40,AVG,384.247417
OMP_Rows,2250,2250,8,42,0.40,0,453.585000
OMP_Rows,2250,2250,8,42,0.40,1,411.824000
OMP_Rows,2250,2250,8,42,0.40,2,393.153000
OMP_Rows,2250,2250,8,42,0.40,3,439.357000
OMP_Rows,2250,2250,8,42,0.40,4,430.908000
OMP_Rows,2250,2250,8,42,0.40,5,396.989000
OMP_Rows,2250,2250,8,42,0.40,6,415.186000
OMP_Rows,2250,2250,8,42,0.40,7,443.883000
OMP_Rows,2250,2250,8,42,0.40,8,407.424000
OMP_Rows,2250,2250,8,42,0.40,9,391.633000
OMP_Rows,2250,2250,8,42,0.40,10,451.672000
OMP_Rows,2250,2250,8,42,0.40,11,405.736000
OMP_Rows,2250,2250,8,42,0.40,12,398.364000
OMP_Rows,2250,2250,8,42,0.40,13,442.681000
OMP_Rows,2250,2250,8,42,0.40,14,426.149000
OMP_Rows,2250,2250,8,42,0.40,15,394.295000
OMP_Rows,2250,2250,8,42,0.40,16,420.529000
OMP_Rows,2250,2250,8,42,0.40,17,443.349000
OMP_Rows,2250,2250,8,42,0.40,18,411.557000
OMP_Rows,2250,2250,8,42,0.40,19,399.129000
OMP_Rows,2250,2250,8,42,0.40,20,449.776000
OMP_Rows,2250,2250,8,42,0.40,21,410.720000
OMP_Rows,2250,2250,8,42,0.40,22,379.574000
OMP_Rows,2250,2250,8,42,0.40,23,447.290000
OMP_Rows,2250,2250,8,42,0.40,24,426.382000
OMP_Rows,2250,2250,8,42,0.40,AVG,419.645800
OMP_Rows,2250,2250,12,42,0.40,0,362.543000
OMP_Rows,2250,2250,12,42,0.40,1,369.099000
OMP_Rows,2250,2250,12,42,0.40,2,358.576000
OMP_Rows,2250,2250,12,42,0.40,3,351.290000
OMP_Rows,2250,2250,12,42,0.40,4,365.074000
OMP_Rows,2250,2250,12,42,0.40,5,366.154000
OMP_Rows,2250,2250,12,42,0.40,6,359.573000
OMP_Rows,2250,2250,12,42,0.40,7,351.569000
OMP_Rows,2250,2250,12,42,0.40,8,371.401000
OMP_Rows,2250,2250,12,42,0.40,9,363.424000
OMP_Rows,2250,2250,12,42,0.40,10,359.185000
OMP_Rows,2250,2250,12,42,0.40,11,353.545000
OMP_Rows,2250,2250,12,42,0.40,12,366.417000
OMP_Rows,2250,2250,12,42,0.40,13,363.645000
OMP_Rows,2250,2250,12,42,0.40,14,353.547000
OMP_Rows,2250,2250,12,42,0.40,15,356.202000
OMP_Rows,2250,2250,12,42,0.40,16,370.074000
OMP_Rows,2250,2250,12,42,0.40,17,358.438000
OMP_Rows,2250,2250,12,42,0.40,18,358.804000
OMP_Rows,2250,2250,12,42,0.40,19,360.790000
OMP_Rows,2250,2250,12,42,0.40,20,368.195000
OMP_Rows,2250,2250,12,42,0.40,21,357.839000
OMP_Rows,2250,2250,12,42,0.40,22,355.197000
OMP_Rows,2250,2250,12,42,0.40,23,367.154000
OMP_Rows,2250,2250,12,42,0.40,24,365.923000
OMP_Rows,2250,2250,12,42,0.40,AVG,361.346320
OMP_Rows,2250,2250,16,42,0.40,0,338.939000
OMP_Rows,2250,2250,16,42,0.40,1,345.098000
OMP_Rows,2250,2250,16,42,0.40,2,361.530000
OMP_Rows,2250,2250,16,42,0.40,3,348.683000
OMP_Rows,2250,2250,16,42,0.40,4,350.153000
OMP_Rows,2250,2250,16,42,0.40,5,345.080000
OMP_Rows,2250,2250,16,42,0.40,6,361.913000
OMP_Rows,2250,2250,16,42,0.40,7,352.837000
OMP_Rows,2250,2250,16,42,0.40,8,344.052000
OMP_Rows,2250,2250,16,42,0.40,9,354.318000
OMP_Rows,2250,2250,16,42,0.40,10,359.908000
OMP_Rows,2250,2250,16,42,0.40,11,350.012000
OMP_Rows,2250,2250,16,42,0.40,12,345.808000
OMP_Rows,2250,2250,16,42,0.40,13,347.112000
OMP_Rows,2250,2250,16,42,0.40,14,359.986000
OMP_Rows,2250,2250,16,42,0.40,15,350.267000
OMP_Rows,2250,2250,16,42,0.40,16,345.763000
OMP_Rows,2250,2250,16,42,0.40,17,348.617000
OMP_Rows,2250,2250,16,42,0.40,18,355.362000
OMP_Rows,2250,2250,16,42,0.40,19,349.130000
OMP_Rows,2250,2250,16,42,0.40,20,349.165000
OMP_Rows,2250,2250,16,42,0.40,21,353.777000
OMP_Rows,2250,2250,16,42,0.40,22,351.659000
OMP_Rows,2250,2250,16,42,0.40,23,352.469000
OMP_Rows,2250,2250,16,42,0.40,24,345.105000
OMP_Rows,2250,2250,16,42,0.40,AVG,349.223350
OMP_Rows,2250,2250,20,42,0.40,0,378.486000
OMP_Rows,2250,2250,20,42,0.40,1,368.457000
OMP_Rows,2250,2250,20,42,0.40,2,379.269000
OMP_Rows,2250,2250,20,42,0.40,3,387.995000
OMP_Rows,2250,2250,20,42,0.40,4,372.923000
OMP_Rows,2250,2250,20,42,0.40,5,373.248000
OMP_Rows,2250,2250,20,42,0.40,6,381.285000
OMP_Rows,2250,2250,20,42,0.40,7,376.884000
OMP_Rows,2250,2250,20,42,0.40,8,370.215000
OMP_Rows,2250,2250,20,42,0.40,9,383.395000
OMP_Rows,2250,2250,20,42,0.40,10,386.375000
OMP_Rows,2250,2250,20,42,0.40,11,379.304000
OMP_Rows,2250,2250,20,42,0.40,12,370.169000
OMP_Rows,2250,2250,20,42,0.40,13,382.034000
OMP_Rows,2250,2250,20,42,0.40,14,385.208000
OMP_Rows,2250,2250,20,42,0.40,15,375.456000
OMP_Rows,2250,2250,20,42,0.40,16,375.872000
OMP_Rows,2250,2250,20,42,0.40,17,390.684000
OMP_Rows,2250,2250,20,42,0.40,18,375.198000
OMP_Rows,2250,2250,20,42,0.40,19,367.162000
OMP_Rows,2250,2250,20,42,0.40,20,377.179000
OMP_Rows,2250,2250,20,42,0.40,21,384.055000
OMP_Rows,2250,2250,20,42,0.40,22,375.342000
OMP_Rows,2250,2250,20,42,0.40,23,372.557000
OMP_Rows,2250,2250,20,42,0.40,24,382.083000
OMP_Rows,2250,2250,20,42,0.40,AVG,377.506292
OMP_Rows,2500,2500,2,42,0.40,0,1582.799000
OMP_Rows,2500,2500,2,42,0.40,1,1580.938000
OMP_Rows,2500,2500,2,42,0.40,2,1583.407000
OMP_Rows,2500,2500,2,42,0.40,3,1593.078000
OMP_Rows,2500,2500,2,42,0.40,4,1584.831000
OMP_Rows,2500,2500,2,42,0.40,5,1580.801000
OMP_Rows,2500,2500,2,42,0.40,6,1580.278000
OMP_Rows,2500,2500,2,42,0.40,7,1579.876000
OMP_Rows,2500,2500,2,42,0.40,8,1582.098000
OMP_Rows,2500,2500,2,42,0.40,9,1581.354000
OMP_Rows,2500,2500,2,42,0.40,10,1579.130000
OMP_Rows,2500,2500,2,42,0.40,11,1578.148000
OMP_Rows,2500,2500,2,42,0.40,12,1580.346000
OMP_Rows,2500,2500,2,42,0.40,13,1577.516000
OMP_Rows,2500,2500,2,42,0.40,14,1577.031000
OMP_Rows,2500,2500,2,42,0.40,15,1582.195000
OMP_Rows,2500,2500,2,42,0.40,16,1580.379000
OMP_Rows,2500,2500,2,42,0.40,17,1577.314000
OMP_Rows,2500,2500,2,42,0.40,18,1580.497000
OMP_Rows,2500,2500,2,42,0.40,19,1582.335000
OMP_Rows,2500,2500,2,42,0.40,20,1576.410000
OMP_Rows,2500,2500,2,42,0.40,21,1583.382000
OMP_Rows,2500,2500,2,42,0.40,22,1594.129000
OMP_Rows,2500,2500,2,42,0.40,23,1577.709000
OMP_Rows,2500,2500,2,42,0.40,24,1581.184000
OMP_Rows,2500,2500,2,42,0.40,AVG,1580.432957
OMP_Rows,2500,2500,3,42,0.40,0,863.598000
OMP_Rows,2500,2500,3,42,0.40,1,869.172000
OMP_Rows,2500,2500,3,42,0.40,2,869.641000
OMP_Rows,2500,2500,3,42,0.40,3,864.890000
OMP_Rows,2500,2500,3,42,0.40,4,869.380000
OMP_Rows,2500,2500,3,42,0.40,5,865.929000
OMP_Rows,2500,2500,3,42,0.40,6,868.711000
OMP_Rows,2500,2500,3,42,0.40,7,870.474000
OMP_Rows,2500,2500,3,42,0.40,8,864.866000
OMP_Rows,2500,2500,3,42,0.40,9,868.908000
OMP_Rows,2500,2500,3,42,0.40,10,869.120000
OMP_Rows,2500,2500,3,42,0.40,11,864.611000
OMP_Rows,2500,2500,3,42,0.40,12,875.063000
OMP_Rows,2500,2500,3,42,0.40,13,868.557000
OMP_Rows,2500,2500,3,42,0.40,14,868.722000
OMP_Rows,2500,2500,3,42,0.40,15,870.121000
OMP_Rows,2500,2500,3,42,0.40,16,864.716000
OMP_Rows,2500,2500,3,42,0.40,17,885.000000
OMP_Rows,2500,2500,3,42,0.40,18,885.723000
OMP_Rows,2500,2500,3,42,0.40,19,882.123000
OMP_Rows,2500,2500,3,42,0.40,20,876.714000
OMP_Rows,2500,2500,3,42,0.40,21,880.743000
OMP_Rows,2500,2500,3,42,0.40,22,880.801000
OMP_Rows,2500,2500,3,42,0.40,23,872.324000
OMP_Rows,2500,2500,3,42,0.40,24,865.901000
OMP_Rows,2500,2500,3,42,0.40,AVG,867.757833
OMP_Rows,2500,2500,4,42,0.40,0,648.433000
OMP_Rows,2500,2500,4,42,0.40,1,657.631000
OMP_Rows,2500,2500,4,42,0.40,2,649.190000
OMP_Rows,2500,2500,4,42,0.40,3,652.583000
OMP_Rows,2500,2500,4,42,0.40,4,648.344000
OMP_Rows,2500,2500,4,42,0.40,5,654.026000
OMP_Rows,2500,2500,4,42,0.40,6,650.161000
OMP_Rows,2500,2500,4,42,0.40,7,654.619000
OMP_Rows,2500,2500,4,42,0.40,8,649.983000
OMP_Rows,2500,2500,4,42,0.40,9,652.201000
OMP_Rows,2500,2500,4,42,0.40,10,652.137000
OMP_Rows,2500,2500,4,42,0.40,11,650.889000
OMP_Rows,2500,2500,4,42,0.40,12,654.006000
OMP_Rows,2500,2500,4,42,0.40,13,649.353000
OMP_Rows,2500,2500,4,42,0.40,14,653.194000
OMP_Rows,2500,2500,4,42,0.40,15,648.257000
OMP_Rows,2500,2500,4,42,0.40,16,653.940000
OMP_Rows,2500,2500,4,42,0.40,17,648.485000
OMP_Rows,2500,2500,4,42,0.40,18,655.524000
OMP_Rows,2500,2500,4,42,0.40,19,647.487000
OMP_Rows,2500,2500,4,42,0.40,20,654.224000
OMP_Rows,2500,2500,4,42,0.40,21,649.761000
OMP_Rows,2500,2500,4,42,0.40,22,651.966000
OMP_Rows,2500,2500,4,42,0.40,23,649.947000
OMP_Rows,2500,2500,4,42,0.40,24,654.897000
OMP_Rows,2500,2500,4,42,0.40,AVG,651.400292
OMP_Rows,2500,2500,5,42,0.40,0,528.279000
OMP_Rows,2500,2500,5,42,0.40,1,523.926000
OMP_Rows,2500,2500,5,42,0.40,2,530.813000
OMP_Rows,2500,2500,5,42,0.40,3,528.024000
OMP_Rows,2500,2500,5,42,0.40,4,529.395000
OMP_Rows,2500,2500,5,42,0.40,5,532.431000
OMP_Rows,2500,2500,5,42,0.40,6,524.065000
OMP_Rows,2500,2500,5,42,0.40,7,528.050000
OMP_Rows,2500,2500,5,42,0.40,8,529.058000
OMP_Rows,2500,2500,5,42,0.40,9,524.655000
OMP_Rows,2500,2500,5,42,0.40,10,533.082000
OMP_Rows,2500,2500,5,42,0.40,11,524.703000
OMP_Rows,2500,2500,5,42,0.40,12,530.187000
OMP_Rows,2500,2500,5,42,0.40,13,534.967000
OMP_Rows,2500,2500,5,42,0.40,14,525.201000
OMP_Rows,2500,2500,5,42,0.40,15,534.493000
OMP_Rows,2500,2500,5,42,0.40,16,525.350000
OMP_Rows,2500,2500,5,42,0.40,17,526.230000
OMP_Rows,2500,2500,5,42,0.40,18,532.416000
OMP_Rows,2500,2500,5,42,0.40,19,526.436000
OMP_Rows,2500,2500,5,42,0.40,20,528.150000
OMP_Rows,2500,2500,5,42,0.40,21,528.449000
OMP_Rows,2500,2500,5,42,0.40,22,529.043000
OMP_Rows,2500,2500,5,42,0.40,23,534.220000
OMP_Rows,2500,2500,5,42,0.40,24,531.096000
OMP_Rows,2500,2500,5,42,0.40,AVG,528.908760
OMP_Rows,2500,2500,6,42,0.40,0,604.995000
OMP_Rows,2500,2500,6,42,0.40,1,600.588000
OMP_Rows,2500,2500,6,42,0.40,2,599.680000
OMP_Rows,2500,2500,6,42,0.40,3,599.713000
OMP_Rows,2500,2500,6,42,0.40,4,597.430000
OMP_Rows,2500,2500,6,42,0.40,5,605.087000
OMP_Rows,2500,2500,6,42,0.40,6,596.189000
OMP_Rows,2500,2500,6,42,0.40,7,605.782000
OMP_Rows,2500,2500,6,42,0.40,8,597.096000
OMP_Rows,2500,2500,6,42,0.40,9,604.172000
OMP_Rows,2500,2500,6,42,0.40,10,598.104000
OMP_Rows,2500,2500,6,42,0.40,11,597.694000
OMP_Rows,2500,2500,6,42,0.40,12,606.362000
OMP_Rows,2500,2500,6,42,0.40,13,596.129000
OMP_Rows,2500,2500,6,42,0.40,14,605.216000
OMP_Rows,2500,2500,6,42,0.40,15,597.301000
OMP_Rows,2500,2500,6,42,0.40,16,605.292000
OMP_Rows,2500,2500,6,42,0.40,17,602.139000
OMP_Rows,2500,2500,6,42,0.40,18,600.918000
OMP_Rows,2500,2500,6,42,0.40,19,601.936000
OMP_Rows,2500,2500,6,42,0.40,20,597.323000
OMP_Rows,2500,2500,6,42,0.40,21,605.780000
OMP_Rows,2500,2500,6,42,0.40,22,595.266000
OMP_Rows,2500,2500,6,42,0.40,23,604.792000
OMP_Rows,2500,2500,6,42,0.40,24,596.808000
OMP_Rows,2500,2500,6,42,0.40,AVG,600.871680
OMP_Rows,2500,2500,7,42,0.40,0,428.023000
OMP_Rows,2500,2500,7,42,0.40,1,453.598000
OMP_Rows,2500,2500,7,42,0.40,2,492.862000
OMP_Rows,2500,2500,7,42,0.40,3,440.175000
OMP_Rows,2500,2500,7,42,0.40,4,452.743000
OMP_Rows,2500,2500,7,42,0.40,5,501.934000
OMP_Rows,2500,2500,7,42,0.40,6,537.086000
OMP_Rows,2500,2500,7,42,0.40,7,521.679000
OMP_Rows,2500,2500,7,42,0.40,8,505.902000
OMP_Rows,2500,2500,7,42,0.40,9,489.067000
OMP_Rows,2500,2500,7,42,0.40,10,508.024000
OMP_Rows,2500,2500,7,42,0.40,11,498.480000
OMP_Rows,2500,2500,7,42,0.40,12,505.314000
OMP_Rows,2500,2500,7,42,0.40,13,471.378000
OMP_Rows,2500,2500,7,42,0.40,14,456.986000
OMP_Rows,2500,2500,7,42,0.40,15,465.447000
OMP_Rows,2500,2500,7,42,0.40,16,471.778000
OMP_Rows,2500,2500,7,42,0.40,17,424.915000
OMP_Rows,2500,2500,7,42,0.40,18,436.143000
OMP_Rows,2500,2500,7,42,0.40,19,460.758000
OMP_Rows,2500,2500,7,42,0.40,20,426.194000
OMP_Rows,2500,2500,7,42,0.40,21,433.733000
OMP_Rows,2500,2500,7,42,0.40,22,452.699000
OMP_Rows,2500,2500,7,42,0.40,23,435.357000
OMP_Rows,2500,2500,7,42,0.40,24,433.749000
OMP_Rows,2500,2500,7,42,0.40,AVG,465.289083
OMP_Rows,2500,2500,8,42,0.40,0,467.935000
OMP_Rows,2500,2500,8,42,0.40,1,475.462000
OMP_Rows,2500,2500,8,42,0.40,2,444.395000
OMP_Rows,2500,2500,8,42,0.40,3,470.189000
OMP_Rows,2500,2500,8,42,0.40,4,482.174000
OMP_Rows,2500,2500,8,42,0.40,5,443.408000
OMP_Rows,2500,2500,8,42,0.40,6,472.335000
OMP_Rows,2500,2500,8,42,0.40,7,480.774000
OMP_Rows,2500,2500,8,42,0.40,8,452.924000
OMP_Rows,2500,2500,8,42,0.40,9,481.501000
OMP_Rows,2500,2500,8,42,0.40,10,473.704000
OMP_Rows,2500,2500,8,42,0.40,11,440.199000
OMP_Rows,2500,2500,8,42,0.40,12,484.096000
OMP_Rows,2500,2500,8,42,0.40,13,467.753000
OMP_Rows,2500,2500,8,42,0.40,14,437.863000
OMP_Rows,2500,2500,8,42,0.40,15,487.739000
OMP_Rows,2500,2500,8,42,0.40,16,465.447000
OMP_Rows,2500,2500,8,42,0.40,17,442.342000
OMP_Rows,2500,2500,8,42,0.40,18,494.670000
OMP_Rows,2500,2500,8,42,0.40,19,463.624000
OMP_Rows,2500,2500,8,42,0.40,20,444.789000
OMP_Rows,2500,2500,8,42,0.40,21,498.184000
OMP_Rows,2500,2500,8,42,0.40,22,460.426000
OMP_Rows,2500,2500,8,42,0.40,23,440.499000
OMP_Rows,2500,2500,8,42,0.40,24,494.226000
OMP_Rows,2500,2500,8,42,0.40,AVG,466.666320
OMP_Rows,2500,2500,12,42,0.40,0,415.346000
OMP_Rows,2500,2500,12,42,0.40,1,424.096000
OMP_Rows,2500,2500,12,42,0.40,2,412.270000
OMP_Rows,2500,2500,12,42,0.40,3,409.082000
OMP_Rows,2500,2500,12,42,0.40,4,418.325000
OMP_Rows,2500,2500,12,42,0.40,5,416.025000
OMP_Rows,2500,2500,12,42,0.40,6,407.540000
OMP_Rows,2500,2500,12,42,0.40,7,413.950000
OMP_Rows,2500,2500,12,42,0.40,8,420.099000
OMP_Rows,2500,2500,12,42,0.40,9,409.631000
OMP_Rows,2500,2500,12,42,0.40,10,414.369000
OMP_Rows,2500,2500,12,42,0.40,11,423.215000
OMP_Rows,2500,2500,12,42,0.40,12,418.878000
OMP_Rows,2500,2500,12,42,0.40,13,408.686000
OMP_Rows,2500,2500,12,42,0.40,14,419.228000
OMP_Rows,2500,2500,12,42,0.40,15,413.774000
OMP_Rows,2500,2500,12,42,0.40,16,407.685000
OMP_Rows,2500,2500,12,42,0.40,17,419.069000
OMP_Rows,2500,2500,12,42,0.40,18,425.485000
OMP_Rows,2500,2500,12,42,0.40,19,414.016000
OMP_Rows,2500,2500,12,42,0.40,20,421.538000
OMP_Rows,2500,2500,12,42,0.40,21,425.516000
OMP_Rows,2500,2500,12,42,0.40,22,417.507000
OMP_Rows,2500,2500,12,42,0.40,23,418.025000
OMP_Rows,2500,2500,12,42,0.40,24,432.222000
OMP_Rows,2500,2500,12,42,0.40,AVG,416.389792
OMP_Rows,2500,2500,16,42,0.40,0,437.230000
OMP_Rows,2500,2500,16,42,0.40,1,441.486000
OMP_Rows,2500,2500,16,42,0.40,2,435.463000
OMP_Rows,2500,2500,16,42,0.40,3,438.410000
OMP_Rows,2500,2500,16,42,0.40,4,444.918000
OMP_Rows,2500,2500,16,42,0.40,5,441.195000
OMP_Rows,2500,2500,16,42,0.40,6,441.091000
OMP_Rows,2500,2500,16,42,0.40,7,445.720000
OMP_Rows,2500,2500,16,42,0.40,8,439.081000
OMP_Rows,2500,2500,16,42,0.40,9,443.725000
OMP_Rows,2500,2500,16,42,0.40,10,445.542000
OMP_Rows,2500,2500,16,42,0.40,11,443.366000
OMP_Rows,2500,2500,16,42,0.40,12,442.621000
OMP_Rows,2500,2500,16,42,0.40,13,448.118000
OMP_Rows,2500,2500,16,42,0.40,14,445.975000
OMP_Rows,2500,2500,16,42,0.40,15,443.569000
OMP_Rows,2500,2500,16,42,0.40,16,453.735000
OMP_Rows,2500,2500,16,42,0.40,17,447.747000
OMP_Rows,2500,2500,16,42,0.40,18,444.218000
OMP_Rows,2500,2500,16,42,0.40,19,452.789000
OMP_Rows,2500,2500,16,42,0.40,20,449.786000
OMP_Rows,2500,2500,16,42,0.40,21,445.469000
OMP_Rows,2500,2500,16,42,0.40,22,453.478000
OMP_Rows,2500,2500,16,42,0.40,23,452.423000
OMP_Rows,2500,2500,16,42,0.40,24,446.504000
OMP_Rows,2500,2500,16,42,0.40,AVG,444.946360
OMP_Rows,2500,2500,20,42,0.40,0,461.423000
OMP_Rows,2500,2500,20,42,0.40,1,478.174000
OMP_Rows,2500,2500,20,42,0.40,2,467.588000
OMP_Rows,2500,2500,20,42,0.40,3,465.550000
OMP_Rows,2500,2500,20,42,0.40,4,476.562000
OMP_Rows,2500,2500,20,42,0.40,5,470.879000
OMP_Rows,2500,2500,20,42,0.40,6,469.462000
OMP_Rows,2500,2500,20,42,0.40,7,482.116000
OMP_Rows,2500,2500,20,42,0.40,8,472.024000
OMP_Rows,2500,2500,20,42,0.40,9,471.340000
OMP_Rows,2500,2500,20,42,0.40,10,485.006000
OMP_Rows,2500,2500,20,42,0.40,11,468.513000
OMP_Rows,2500,2500,20,42,0.40,12,474.303000
OMP_Rows,2500,2500,20,42,0.40,13,485.635000
OMP_Rows,2500,2500,20,42,0.40,14,469.809000
OMP_Rows,2500,2500,20,42,0.40,15,479.219000
OMP_Rows,2500,2500,20,42,0.40,16,480.591000
OMP_Rows,2500,2500,20,42,0.40,17,471.801000
OMP_Rows,2500,2500,20,42,0.40,18,486.633000
OMP_Rows,2500,2500,20,42,0.40,19,486.252000
OMP_Rows,2500,2500,20,42,0.40,20,467.478000
OMP_Rows,2500,2500,20,42,0.40,21,481.778000
OMP_Rows,2500,2500,20,42,0.40,22,482.319000
OMP_Rows,2500,2500,20,42,0.40,23,471.989000
OMP_Rows,2500,2500,20,42,0.40,24,486.497000
OMP_Rows,2500,2500,20,42,0.40,AVG,475.717640
OMP_Rows,3000,3000,2,42,0.40,0,2203.523000
OMP_Rows,3000,3000,2,42,0.40,1,2211.384000
OMP_Rows,3000,3000,2,42,0.40,2,2206.165000
OMP_Rows,3000,3000,2,42,0.40,3,2208.651000
OMP_Rows,3000,3000,2,42,0.40,4,2206.831000
OMP_Rows,3000,3000,2,42,0.40,5,2206.087000
OMP_Rows,3000,3000,2,42,0.40,6,2209.132000
OMP_Rows,3000,3000,2,42,0.40,7,2201.011000
OMP_Rows,3000,3000,2,42,0.40,8,2207.085000
OMP_Rows,3000,3000,2,42,0.40,9,2202.376000
OMP_Rows,3000,3000,2,42,0.40,10,2205.280000
OMP_Rows,3000,3000,2,42,0.40,11,2202.935000
OMP_Rows,3000,3000,2,42,0.40,12,2204.337000
OMP_Rows,3000,3000,2,42,0.40,13,2209.923000
OMP_Rows,3000,3000,2,42,0.40,14,2200.196000
OMP_Rows,3000,3000,2,42,0.40,15,2207.394000
OMP_Rows,3000,3000,2,42,0.40,16,2202.455000
OMP_Rows,3000,3000,2,42,0.40,17,2200.643000
OMP_Rows,3000,3000,2,42,0.40,18,2202.148000
OMP_Rows,3000,3000,2,42,0.40,19,2198.934000
OMP_Rows,3000,3000,2,42,0.40,20,2207.648000
OMP_Rows,3000,3000,2,42,0.40,21,2209.390000
OMP_Rows,3000,3000,2,42,0.40,22,2209.395000
OMP_Rows,3000,3000,2,42,0.40,23,2200.765000
OMP_Rows,3000,3000,2,42,0.40,24,2201.277000
OMP_Rows,3000,3000,2,42,0.40,AVG,2204.998600
OMP_Rows,3000,3000,3,42,0.40,0,1378.057000
OMP_Rows,3000,3000,3,42,0.40,1,1378.292000
OMP_Rows,3000,3000,3,42,0.40,2,1380.315000
OMP_Rows,3000,3000,3,42,0.40,3,1376.859000
OMP_Rows,3000,3000,3,42,0.40,4,1376.716000
OMP_Rows,3000,3000,3,42,0.40,5,1377.481000
OMP_Rows,3000,3000,3,42,0.40,6,1381.316000
OMP_Rows,3000,3000,3,42,0.40,7,1376.640000
OMP_Rows,3000,3000,3,42,0.40,8,1379.124000
OMP_Rows,3000,3000,3,42,0.40,9,1379.355000
OMP_Rows,3000,3000,3,42,0.40,10,1378.378000
OMP_Rows,3000,3000,3,42,0.40,11,1378.558000
OMP_Rows,3000,3000,3,42,0.40,12,1378.324000
OMP_Rows,3000,3000,3,42,0.40,13,1378.067000
OMP_Rows,3000,3000,3,42,0.40,14,1378.524000
OMP_Rows,3000,3000,3,42,0.40,15,1380.297000
OMP_Rows,3000,3000,3,42,0.40,16,1380.408000
OMP_Rows,3000,3000,3,42,0.40,17,1382.144000
OMP_Rows,3000,3000,3,42,0.40,18,1380.337000
OMP_Rows,3000,3000,3,42,0.40,19,1378.225000
OMP_Rows,3000,3000,3,42,0.40,20,1377.081000
OMP_Rows,3000,3000,3,42,0.40,21,1378.537000
OMP_Rows,3000,3000,3,42,0.40,22,1379.736000
OMP_Rows,3000,3000,3,42,0.40,23,1379.591000
OMP_Rows,3000,3000,3,42,0.40,24,1376.601000
OMP_Rows,3000,3000,3,42,0.40,AVG,1378.500130
OMP_Rows,3000,3000,4,42,0.40,0,908.808000
OMP_Rows,3000,3000,4,42,0.40,1,902.372000
OMP_Rows,3000,3000,4,42,0.40,2,915.787000
OMP_Rows,3000,3000,4,42,0.40,3,909.159000
OMP_Rows,3000,3000,4,42,0.40,4,907.228000
OMP_Rows,3000,3000,4,42,0.40,5,912.556000
OMP_Rows,3000,3000,4,42,0.40,6,910.443000
OMP_Rows,3000,3000,4,42,0.40,7,905.256000
OMP_Rows,3000,3000,4,42,0.40,8,907.486000
OMP_Rows,3000,3000,4,42,0.40,9,909.362000
OMP_Rows,3000,3000,4,42,0.40,10,906.326000
OMP_Rows,3000,3000,4,42,0.40,11,913.773000
OMP_Rows,3000,3000,4,42,0.40,12,907.206000
OMP_Rows,3000,3000,4,42,0.40,13,903.742000
OMP_Rows,3000,3000,4,42,0.40,14,909.047000
OMP_Rows,3000,3000,4,42,0.40,15,907.621000
OMP_Rows,3000,3000,4,42,0.40,16,906.690000
OMP_Rows,3000,3000,4,42,0.40,17,914.051000
OMP_Rows,3000,3000,4,42,0.40,18,907.099000
OMP_Rows,3000,3000,4,42,0.40,19,904.059000
OMP_Rows,3000,3000,4,42,0.40,20,910.823000
OMP_Rows,3000,3000,4,42,0.40,21,926.600000
OMP_Rows,3000,3000,4,42,0.40,22,954.130000
OMP_Rows,3000,3000,4,42,0.40,23,931.851000
OMP_Rows,3000,3000,4,42,0.40,24,931.218000
OMP_Rows,3000,3000,4,42,0.40,AVG,908.155350
OMP_Rows,3000,3000,5,42,0.40,0,788.978000
OMP_Rows,3000,3000,5,42,0.40,1,791.131000
OMP_Rows,3000,3000,5,42,0.40,2,785.448000
OMP_Rows,3000,3000,5,42,0.40,3,790.902000
OMP_Rows,3000,3000,5,42,0.40,4,785.166000
OMP_Rows,3000,3000,5,42,0.40,5,796.414000
OMP_Rows,3000,3000,5,42,0.40,6,783.670000
OMP_Rows,3000,3000,5,42,0.40,7,788.248000
OMP_Rows,3000,3000,5,42,0.40,8,788.931000
OMP_Rows,3000,3000,5,42,0.40,9,784.958000
OMP_Rows,3000,3000,5,42,0.40,10,787.868000
OMP_Rows,3000,3000,5,42,0.40,11,787.196000
OMP_Rows,3000,3000,5,42,0.40,12,791.377000
OMP_Rows,3000,3000,5,42,0.40,13,784.511000
OMP_Rows,3000,3000,5,42,0.40,14,793.259000
OMP_Rows,3000,3000,5,42,0.40,15,790.397000
OMP_Rows,3000,3000,5,42,0.40,16,783.919000
OMP_Rows,3000,3000,5,42,0.40,17,798.690000
OMP_Rows,3000,3000,5,42,0.40,18,782.169000
OMP_Rows,3000,3000,5,42,0.40,19,791.814000
OMP_Rows,3000,3000,5,42,0.40,20,789.641000
OMP_Rows,3000,3000,5,42,0.40,21,788.149000
OMP_Rows,3000,3000,5,42,0.40,22,789.842000
OMP_Rows,3000,3000,5,42,0.40,23,786.477000
OMP_Rows,3000,3000,5,42,0.40,24,789.500000
OMP_Rows,3000,3000,5,42,0.40,AVG,787.980478
OMP_Rows,3000,3000,6,42,0.40,0,652.356000
OMP_Rows,3000,3000,6,42,0.40,1,668.479000
OMP_Rows,3000,3000,6,42,0.40,2,656.673000
OMP_Rows,3000,3000,6,42,0.40,3,656.572000
OMP_Rows,3000,3000,6,42,0.40,4,655.695000
OMP_Rows,3000,3000,6,42,0.40,5,664.323000
OMP_Rows,3000,3000,6,42,0.40,6,649.577000
OMP_Rows,3000,3000,6,42,0.40,7,660.110000
OMP_Rows,3000,3000,6,42,0.40,8,652.921000
OMP_Rows,3000,3000,6,42,0.40,9,660.694000
OMP_Rows,3000,3000,6,42,0.40,10,652.532000
OMP_Rows,3000,3000,6,42,0.40,11,664.474000
OMP_Rows,3000,3000,6,42,0.40,12,649.812000
OMP_Rows,3000,3000,6,42,0.40,13,670.878000
OMP_Rows,3000,3000,6,42,0.40,14,648.662000
OMP_Rows,3000,3000,6,42,0.40,15,665.176000
OMP_Rows,3000,3000,6,42,0.40,16,652.354000
OMP_Rows,3000,3000,6,42,0.40,17,670.373000
OMP_Rows,3000,3000,6,42,0.40,18,654.041000
OMP_Rows,3000,3000,6,42,0.40,19,675.601000
OMP_Rows,3000,3000,6,42,0.40,20,666.785000
OMP_Rows,3000,3000,6,42,0.40,21,661.199000
OMP_Rows,3000,3000,6,42,0.40,22,648.918000
OMP_Rows,3000,3000,6,42,0.40,23,662.386000
OMP_Rows,3000,3000,6,42,0.40,24,654.511000
OMP_Rows,3000,3000,6,42,0.40,AVG,658.312542
OMP_Rows,3000,3000,7,42,0.40,0,724.545000
OMP_Rows,3000,3000,7,42,0.40,1,734.848000
OMP_Rows,3000,3000,7,42,0.40,2,714.091000
OMP_Rows,3000,3000,7,42,0.40,3,738.479000
OMP_Rows,3000,3000,7,42,0.40,4,712.352000
OMP_Rows,3000,3000,7,42,0.40,5,736.891000
OMP_Rows,3000,3000,7,42,0.40,6,715.604000
OMP_Rows,3000,3000,7,42,0.40,7,739.387000
OMP_Rows,3000,3000,7,42,0.40,8,714.757000
OMP_Rows,3000,3000,7,42,0.40,9,734.950000
OMP_Rows,3000,3000,7,42,0.40,10,719.100000
OMP_Rows,3000,3000,7,42,0.40,11,730.662000
OMP_Rows,3000,3000,7,42,0.40,12,721.267000
OMP_Rows,3000,3000,7,42,0.40,13,725.980000
OMP_Rows,3000,3000,7,42,0.40,14,735.323000
OMP_Rows,3000,3000,7,42,0.40,15,717.851000
OMP_Rows,3000,3000,7,42,0.40,16,726.605000
OMP_Rows,3000,3000,7,42,0.40,17,718.373000
OMP_Rows,3000,3000,7,42,0.40,18,731.449000
OMP_Rows,3000,3000,7,42,0.40,19,713.106000
OMP_Rows,3000,3000,7,42,0.40,20,787.539000
OMP_Rows,3000,3000,7,42,0.40,21,745.655000
OMP_Rows,3000,3000,7,42,0.40,22,762.226000
OMP_Rows,3000,3000,7,42,0.40,23,749.520000
OMP_Rows,3000,3000,7,42,0.40,24,755.895000
OMP_Rows,3000,3000,7,42,0.40,AVG,726.251190
OMP_Rows,3000,3000,8,42,0.40,0,684.843000
OMP_Rows,3000,3000,8,42,0.40,1,582.196000
OMP_Rows,3000,3000,8,42,0.40,2,708.298000
OMP_Rows,3000,3000,8,42,0.40,3,545.827000
OMP_Rows,3000,3000,8,42,0.40,4,734.027000
OMP_Rows,3000,3000,8,42,0.40,5,571.553000
OMP_Rows,3000,3000,8,42,0.40,6,713.913000
OMP_Rows,3000,3000,8,42,0.40,7,582.528000
OMP_Rows,3000,3000,8,42,0.40,8,659.794000
OMP_Rows,3000,3000,8,42,0.40,9,635.999000
OMP_Rows,3000,3000,8,42,0.40,10,641.561000
OMP_Rows,3000,3000,8,42,0.40,11,655.409000
OMP_Rows,3000,3000,8,42,0.40,12,609.240000
OMP_Rows,3000,3000,8,42,0.40,13,662.699000
OMP_Rows,3000,3000,8,42,0.40,14,624.879000
OMP_Rows,3000,3000,8,42,0.40,15,697.677000
OMP_Rows,3000,3000,8,42,0.40,16,600.884000
OMP_Rows,3000,3000,8,42,0.40,17,784.140000
OMP_Rows,3000,3000,8,42,0.40,18,685.480000
OMP_Rows,3000,3000,8,42,0.40,19,700.621000
OMP_Rows,3000,3000,8,42,0.40,20,614.164000
OMP_Rows,3000,3000,8,42,0.40,21,734.600000
OMP_Rows,3000,3000,8,42,0.40,22,606.753000
OMP_Rows,3000,3000,8,42,0.40,23,743.769000
OMP_Rows,3000,3000,8,42,0.40,24,588.492000
OMP_Rows,3000,3000,8,42,0.40,AVG,649.383583
OMP_Rows,3000,3000,12,42,0.40,0,665.926000
OMP_Rows,3000,3000,12,42,0.40,1,659.088000
OMP_Rows,3000,3000,12,42,0.40,2,668.486000
OMP_Rows,3000,3000,12,42,0.40,3,659.117000
OMP_Rows,3000,3000,12,42,0.40,4,672.143000
OMP_Rows,3000,3000,12,42,0.40,5,660.293000
OMP_Rows,3000,3000,12,42,0.40,6,674.515000
OMP_Rows,3000,3000,12,42,0.40,7,662.481000
OMP_Rows,3000,3000,12,42,0.40,8,674.123000
OMP_Rows,3000,3000,12,42,0.40,9,661.514000
OMP_Rows,3000,3000,12,42,0.40,10,671.064000
OMP_Rows,3000,3000,12,42,0.40,11,663.078000
OMP_Rows,3000,3000,12,42,0.40,12,678.841000
OMP_Rows,3000,3000,12,42,0.40,13,663.294000
OMP_Rows,3000,3000,12,42,0.40,14,677.499000
OMP_Rows,3000,3000,12,42,0.40,15,665.671000
OMP_Rows,3000,3000,12,42,0.40,16,678.085000
OMP_Rows,3000,3000,12,42,0.40,17,668.068000
OMP_Rows,3000,3000,12,42,0.40,18,677.221000
OMP_Rows,3000,3000,12,42,0.40,19,665.376000
OMP_Rows,3000,3000,12,42,0.40,20,674.607000
OMP_Rows,3000,3000,12,42,0.40,21,675.442000
OMP_Rows,3000,3000,12,42,0.40,22,676.209000
OMP_Rows,3000,3000,12,42,0.40,23,669.092000
OMP_Rows,3000,3000,12,42,0.40,24,677.402000
OMP_Rows,3000,3000,12,42,0.40,AVG,669.545400
OMP_Rows,3000,3000,16,42,0.40,0,592.215000
OMP_Rows,3000,3000,16,42,0.40,1,629.145000
OMP_Rows,3000,3000,16,42,0.40,2,594.564000
OMP_Rows,3000,3000,16,42,0.40,3,628.600000
OMP_Rows,3000,3000,16,42,0.40,4,596.368000
OMP_Rows,3000,3000,16,42,0.40,5,608.778000
OMP_Rows,3000,3000,16,42,0.40,6,622.799000
OMP_Rows,3000,3000,16,42,0.40,7,602.065000
OMP_Rows,3000,3000,16,42,0.40,8,636.521000
OMP_Rows,3000,3000,16,42,0.40,9,594.694000
OMP_Rows,3000,3000,16,42,0.40,10,626.455000
OMP_Rows,3000,3000,16,42,0.40,11,590.745000
OMP_Rows,3000,3000,16,42,0.40,12,627.390000
OMP_Rows,3000,3000,16,42,0.40,13,597.020000
OMP_Rows,3000,3000,16,42,0.40,14,610.175000
OMP_Rows,3000,3000,16,42,0.40,15,630.170000
OMP_Rows,3000,3000,16,42,0.40,16,599.904000
OMP_Rows,3000,3000,16,42,0.40,17,629.583000
OMP_Rows,3000,3000,16,42,0.40,18,594.803000
OMP_Rows,3000,3000,16,42,0.40,19,632.259000
OMP_Rows,3000,3000,16,42,0.40,20,595.435000
OMP_Rows,3000,3000,16,42,0.40,21,632.425000
OMP_Rows,3000,3000,16,42,0.40,22,597.103000
OMP_Rows,3000,3000,16,42,0.40,23,621.822000
OMP_Rows,3000,3000,16,42,0.40,24,623.346000
OMP_Rows,3000,3000,16,42,0.40,AVG,612.575360
OMP_Rows,3000,3000,20,42,0.40,0,653.612000
OMP_Rows,3000,3000,20,42,0.40,1,623.722000
OMP_Rows,3000,3000,20,42,0.40,2,648.700000
OMP_Rows,3000,3000,20,42,0.40,3,637.094000
OMP_Rows,3000,3000,20,42,0.40,4,636.382000
OMP_Rows,3000,3000,20,42,0.40,5,636.032000
OMP_Rows,3000,3000,20,42,0.40,6,628.725000
OMP_Rows,3000,3000,20,42,0.40,7,644.909000
OMP_Rows,3000,3000,20,42,0.40,8,614.278000
OMP_Rows,3000,3000,20,42,0.40,9,642.549000
OMP_Rows,3000,3000,20,42,0.40,10,615.785000
OMP_Rows,3000,3000,20,42,0.40,11,637.093000
OMP_Rows,3000,3000,20,42,0.40,12,611.295000
OMP_Rows,3000,3000,20,42,0.40,13,641.549000
OMP_Rows,3000,3000,20,42,0.40,14,613.436000
OMP_Rows,3000,3000,20,42,0.40,15,628.002000
OMP_Rows,3000,3000,20,42,0.40,16,632.894000
OMP_Rows,3000,3000,20,42,0.40,17,623.150000
OMP_Rows,3000,3000,20,42,0.40,18,640.365000
OMP_Rows,3000,3000,20,42,0.40,19,609.074000
OMP_Rows,3000,3000,20,42,0.40,20,642.600000
OMP_Rows,3000,3000,20,42,0.40,21,607.858000
OMP_Rows,3000,3000,20,42,0.40,22,640.144000
OMP_Rows,3000,3000,20,42,0.40,23,610.484000
OMP_Rows,3000,3000,20,42,0.40,24,640.125000
OMP_Rows,3000,3000,20,42,0.40,AVG,630.394280
